"uniprotkb_canonical_ac","matrix_db_id","matrix_db_label","chebi_id","gag_interactor_biological_role","protein_interactor_biological_role","evidence","saccharide","interaction_type","source","source_id","xref_key","xref_id","src_xref_key","src_xref_id"
"Q9BY76-1","GAG_2","matrixdb:Heparan sulfate(short label)","CHEBI:28815","psi-mi:MI:0499(unspecified role)","psi-mi:MI:0499(unspecified role)","pubmed:19019854","","Glycosaminoglycan","MatrixDB","matrixdb:GAG_2","glycan_xref_matrixdb","GAG_2","glycan_xref_matrixdb","GAG_2"
"Q9BY76-1","GAG_2","matrixdb:Heparan sulfate(short label)","CHEBI:28815","psi-mi:MI:0499(unspecified role)","psi-mi:MI:0499(unspecified role)","pubmed:19019854","","Glycosaminoglycan","MatrixDB","matrixdb:GAG_2","protein_xref_pubmed","19019854","glycan_xref_matrixdb","GAG_2"
"P00441-1","GAG_1","matrixdb:Heparin(short label)","CHEBI:28304","psi-mi:MI:0499(unspecified role)","psi-mi:MI:0499(unspecified role)","pubmed:3223905","","Glycosaminoglycan","MatrixDB","matrixdb:GAG_1","glycan_xref_matrixdb","GAG_1","glycan_xref_matrixdb","GAG_1"
"P00441-1","GAG_1","matrixdb:Heparin(short label)","CHEBI:28304","psi-mi:MI:0499(unspecified role)","psi-mi:MI:0499(unspecified role)","pubmed:3223905","","Glycosaminoglycan","MatrixDB","matrixdb:GAG_1","protein_xref_pubmed","3223905","glycan_xref_matrixdb","GAG_1"
"P00734-1","GAG_1","matrixdb:Heparin(short label)","CHEBI:28304","psi-mi:MI:0499(unspecified role)","psi-mi:MI:0499(unspecified role)","pubmed:2007587","","Glycosaminoglycan","MatrixDB","matrixdb:GAG_1","glycan_xref_matrixdb","GAG_1","glycan_xref_matrixdb","GAG_1"
"P00734-1","GAG_1","matrixdb:Heparin(short label)","CHEBI:28304","psi-mi:MI:0499(unspecified role)","psi-mi:MI:0499(unspecified role)","pubmed:2007587","","Glycosaminoglycan","MatrixDB","matrixdb:GAG_1","protein_xref_pubmed","2007587","glycan_xref_matrixdb","GAG_1"
"P01008-1","GAG_1","matrixdb:Heparin(short label)","CHEBI:28304","psi-mi:MI:0499(unspecified role)","psi-mi:MI:0499(unspecified role)","pubmed:7287752","","Glycosaminoglycan","MatrixDB","matrixdb:GAG_1","glycan_xref_matrixdb","GAG_1","glycan_xref_matrixdb","GAG_1"
"P01008-1","GAG_1","matrixdb:Heparin(short label)","CHEBI:28304","psi-mi:MI:0499(unspecified role)","psi-mi:MI:0499(unspecified role)","pubmed:7287752","","Glycosaminoglycan","MatrixDB","matrixdb:GAG_1","protein_xref_pubmed","7287752","glycan_xref_matrixdb","GAG_1"
"P01008-1","GAG_1","matrixdb:Heparin(short label)","CHEBI:28304","psi-mi:MI:0499(unspecified role)","psi-mi:MI:0499(unspecified role)","pubmed:11135627","","Glycosaminoglycan","MatrixDB","matrixdb:GAG_1","glycan_xref_matrixdb","GAG_1","glycan_xref_matrixdb","GAG_1"
"P01008-1","GAG_1","matrixdb:Heparin(short label)","CHEBI:28304","psi-mi:MI:0499(unspecified role)","psi-mi:MI:0499(unspecified role)","pubmed:11135627","","Glycosaminoglycan","MatrixDB","matrixdb:GAG_1","protein_xref_pubmed","11135627","glycan_xref_matrixdb","GAG_1"
"P01579-1","GAG_1","matrixdb:Heparin(short label)","CHEBI:28304","psi-mi:MI:0499(unspecified role)","psi-mi:MI:0499(unspecified role)","pubmed:7654188","","Glycosaminoglycan","MatrixDB","matrixdb:GAG_1","glycan_xref_matrixdb","GAG_1","glycan_xref_matrixdb","GAG_1"
"P01579-1","GAG_1","matrixdb:Heparin(short label)","CHEBI:28304","psi-mi:MI:0499(unspecified role)","psi-mi:MI:0499(unspecified role)","pubmed:7654188","","Glycosaminoglycan","MatrixDB","matrixdb:GAG_1","protein_xref_pubmed","7654188","glycan_xref_matrixdb","GAG_1"
"P02649-1","GAG_1","matrixdb:Heparin(short label)","CHEBI:28304","psi-mi:MI:0499(unspecified role)","psi-mi:MI:0499(unspecified role)","pubmed:10526164","","Glycosaminoglycan","MatrixDB","matrixdb:GAG_1","glycan_xref_matrixdb","GAG_1","glycan_xref_matrixdb","GAG_1"
"P02649-1","GAG_1","matrixdb:Heparin(short label)","CHEBI:28304","psi-mi:MI:0499(unspecified role)","psi-mi:MI:0499(unspecified role)","pubmed:10526164","","Glycosaminoglycan","MatrixDB","matrixdb:GAG_1","protein_xref_pubmed","10526164","glycan_xref_matrixdb","GAG_1"
"P02751-15","GAG_1","matrixdb:Heparin(short label)","CHEBI:28304","psi-mi:MI:0499(unspecified role)","psi-mi:MI:0499(unspecified role)","pubmed:2524477","","Glycosaminoglycan","MatrixDB","matrixdb:GAG_1","glycan_xref_matrixdb","GAG_1","glycan_xref_matrixdb","GAG_1"
"P02751-15","GAG_1","matrixdb:Heparin(short label)","CHEBI:28304","psi-mi:MI:0499(unspecified role)","psi-mi:MI:0499(unspecified role)","pubmed:2524477","","Glycosaminoglycan","MatrixDB","matrixdb:GAG_1","protein_xref_pubmed","2524477","glycan_xref_matrixdb","GAG_1"
"P02751-15","GAG_1","matrixdb:Heparin(short label)","CHEBI:28304","psi-mi:MI:0499(unspecified role)","psi-mi:MI:0499(unspecified role)","pubmed:19542224","","Glycosaminoglycan","PubMed","matrixdb:GAG_1","glycan_xref_matrixdb","GAG_1","glycan_xref_matrixdb","GAG_1"
"P02751-15","GAG_1","matrixdb:Heparin(short label)","CHEBI:28304","psi-mi:MI:0499(unspecified role)","psi-mi:MI:0499(unspecified role)","pubmed:19542224","","Glycosaminoglycan","PubMed","matrixdb:GAG_1","protein_xref_pubmed","19542224","glycan_xref_matrixdb","GAG_1"
"P02751-15","GAG_1","matrixdb:Heparin(short label)","CHEBI:28304","psi-mi:MI:0499(unspecified role)","psi-mi:MI:0499(unspecified role)","pubmed:24148804","","Glycosaminoglycan","PubMed","matrixdb:GAG_1","glycan_xref_matrixdb","GAG_1","glycan_xref_matrixdb","GAG_1"
"P02751-15","GAG_1","matrixdb:Heparin(short label)","CHEBI:28304","psi-mi:MI:0499(unspecified role)","psi-mi:MI:0499(unspecified role)","pubmed:24148804","","Glycosaminoglycan","PubMed","matrixdb:GAG_1","protein_xref_pubmed","24148804","glycan_xref_matrixdb","GAG_1"
"P02751-15","GAG_1","matrixdb:Heparin(short label)","CHEBI:28304","psi-mi:MI:0499(unspecified role)","psi-mi:MI:0499(unspecified role)","pubmed:22442151","","Glycosaminoglycan","MatrixDB","matrixdb:GAG_1","glycan_xref_matrixdb","GAG_1","glycan_xref_matrixdb","GAG_1"
"P02751-15","GAG_1","matrixdb:Heparin(short label)","CHEBI:28304","psi-mi:MI:0499(unspecified role)","psi-mi:MI:0499(unspecified role)","pubmed:22442151","","Glycosaminoglycan","MatrixDB","matrixdb:GAG_1","protein_xref_pubmed","22442151","glycan_xref_matrixdb","GAG_1"
"P21980-1","GAG_1","matrixdb:Heparin(short label)","CHEBI:28304","psi-mi:MI:0499(unspecified role)","psi-mi:MI:0499(unspecified role)","pubmed:22442151","","Glycosaminoglycan","MatrixDB","matrixdb:GAG_1","glycan_xref_matrixdb","GAG_1","glycan_xref_matrixdb","GAG_1"
"P21980-1","GAG_1","matrixdb:Heparin(short label)","CHEBI:28304","psi-mi:MI:0499(unspecified role)","psi-mi:MI:0499(unspecified role)","pubmed:22442151","","Glycosaminoglycan","MatrixDB","matrixdb:GAG_1","protein_xref_pubmed","22442151","glycan_xref_matrixdb","GAG_1"
"P02776-1","GAG_1","matrixdb:Heparin(short label)","CHEBI:28304","psi-mi:MI:0499(unspecified role)","psi-mi:MI:0499(unspecified role)","pubmed:9252363","","Glycosaminoglycan","MatrixDB","matrixdb:GAG_1","glycan_xref_matrixdb","GAG_1","glycan_xref_matrixdb","GAG_1"
"P02776-1","GAG_1","matrixdb:Heparin(short label)","CHEBI:28304","psi-mi:MI:0499(unspecified role)","psi-mi:MI:0499(unspecified role)","pubmed:9252363","","Glycosaminoglycan","MatrixDB","matrixdb:GAG_1","protein_xref_pubmed","9252363","glycan_xref_matrixdb","GAG_1"
"P03973-1","GAG_1","matrixdb:Heparin(short label)","CHEBI:28304","psi-mi:MI:0499(unspecified role)","psi-mi:MI:0499(unspecified role)","pubmed:1525165","","Glycosaminoglycan","MatrixDB","matrixdb:GAG_1","glycan_xref_matrixdb","GAG_1","glycan_xref_matrixdb","GAG_1"
"P03973-1","GAG_1","matrixdb:Heparin(short label)","CHEBI:28304","psi-mi:MI:0499(unspecified role)","psi-mi:MI:0499(unspecified role)","pubmed:1525165","","Glycosaminoglycan","MatrixDB","matrixdb:GAG_1","protein_xref_pubmed","1525165","glycan_xref_matrixdb","GAG_1"
"P03973-1","GAG_1","matrixdb:Heparin(short label)","CHEBI:28304","psi-mi:MI:0499(unspecified role)","psi-mi:MI:0499(unspecified role)","pubmed:9593692","","Glycosaminoglycan","MatrixDB","matrixdb:GAG_1","glycan_xref_matrixdb","GAG_1","glycan_xref_matrixdb","GAG_1"
"P03973-1","GAG_1","matrixdb:Heparin(short label)","CHEBI:28304","psi-mi:MI:0499(unspecified role)","psi-mi:MI:0499(unspecified role)","pubmed:9593692","","Glycosaminoglycan","MatrixDB","matrixdb:GAG_1","protein_xref_pubmed","9593692","glycan_xref_matrixdb","GAG_1"
"P04085-1","GAG_1","matrixdb:Heparin(short label)","CHEBI:28304","psi-mi:MI:0499(unspecified role)","psi-mi:MI:0499(unspecified role)","pubmed:9038157","","Glycosaminoglycan","MatrixDB","matrixdb:GAG_1","glycan_xref_matrixdb","GAG_1","glycan_xref_matrixdb","GAG_1"
"P04085-1","GAG_1","matrixdb:Heparin(short label)","CHEBI:28304","psi-mi:MI:0499(unspecified role)","psi-mi:MI:0499(unspecified role)","pubmed:9038157","","Glycosaminoglycan","MatrixDB","matrixdb:GAG_1","protein_xref_pubmed","9038157","glycan_xref_matrixdb","GAG_1"
"P04114-1","GAG_1","matrixdb:Heparin(short label)","CHEBI:28304","psi-mi:MI:0499(unspecified role)","psi-mi:MI:0499(unspecified role)","pubmed:3301850","","Glycosaminoglycan","MatrixDB","matrixdb:GAG_1","glycan_xref_matrixdb","GAG_1","glycan_xref_matrixdb","GAG_1"
"P04114-1","GAG_1","matrixdb:Heparin(short label)","CHEBI:28304","psi-mi:MI:0499(unspecified role)","psi-mi:MI:0499(unspecified role)","pubmed:3301850","","Glycosaminoglycan","MatrixDB","matrixdb:GAG_1","protein_xref_pubmed","3301850","glycan_xref_matrixdb","GAG_1"
"P04114-1","GAG_1","matrixdb:Heparin(short label)","CHEBI:28304","psi-mi:MI:0499(unspecified role)","psi-mi:MI:0499(unspecified role)","pubmed:10608816","","Glycosaminoglycan","MatrixDB","matrixdb:GAG_1","glycan_xref_matrixdb","GAG_1","glycan_xref_matrixdb","GAG_1"
"P04114-1","GAG_1","matrixdb:Heparin(short label)","CHEBI:28304","psi-mi:MI:0499(unspecified role)","psi-mi:MI:0499(unspecified role)","pubmed:10608816","","Glycosaminoglycan","MatrixDB","matrixdb:GAG_1","protein_xref_pubmed","10608816","glycan_xref_matrixdb","GAG_1"
"P04141-1","GAG_1","matrixdb:Heparin(short label)","CHEBI:28304","psi-mi:MI:0499(unspecified role)","psi-mi:MI:0499(unspecified role)","pubmed:16027123","","Glycosaminoglycan","MatrixDB","matrixdb:GAG_1","glycan_xref_matrixdb","GAG_1","glycan_xref_matrixdb","GAG_1"
"P04141-1","GAG_1","matrixdb:Heparin(short label)","CHEBI:28304","psi-mi:MI:0499(unspecified role)","psi-mi:MI:0499(unspecified role)","pubmed:16027123","","Glycosaminoglycan","MatrixDB","matrixdb:GAG_1","protein_xref_pubmed","16027123","glycan_xref_matrixdb","GAG_1"
"P05067-1","GAG_1","matrixdb:Heparin(short label)","CHEBI:28304","psi-mi:MI:0499(unspecified role)","psi-mi:MI:0499(unspecified role)","pubmed:7929392","","Glycosaminoglycan","MatrixDB","matrixdb:GAG_1","glycan_xref_matrixdb","GAG_1","glycan_xref_matrixdb","GAG_1"
"P05067-1","GAG_1","matrixdb:Heparin(short label)","CHEBI:28304","psi-mi:MI:0499(unspecified role)","psi-mi:MI:0499(unspecified role)","pubmed:7929392","","Glycosaminoglycan","MatrixDB","matrixdb:GAG_1","protein_xref_pubmed","7929392","glycan_xref_matrixdb","GAG_1"
"P05113-1","GAG_1","matrixdb:Heparin(short label)","CHEBI:28304","psi-mi:MI:0499(unspecified role)","psi-mi:MI:0499(unspecified role)","pubmed:9500522","","Glycosaminoglycan","MatrixDB","matrixdb:GAG_1","glycan_xref_matrixdb","GAG_1","glycan_xref_matrixdb","GAG_1"
"P05113-1","GAG_1","matrixdb:Heparin(short label)","CHEBI:28304","psi-mi:MI:0499(unspecified role)","psi-mi:MI:0499(unspecified role)","pubmed:9500522","","Glycosaminoglycan","MatrixDB","matrixdb:GAG_1","protein_xref_pubmed","9500522","glycan_xref_matrixdb","GAG_1"
"P05121-1","GAG_1","matrixdb:Heparin(short label)","CHEBI:28304","psi-mi:MI:0499(unspecified role)","psi-mi:MI:0499(unspecified role)","pubmed:1703436","","Glycosaminoglycan","MatrixDB","matrixdb:GAG_1","glycan_xref_matrixdb","GAG_1","glycan_xref_matrixdb","GAG_1"
"P05121-1","GAG_1","matrixdb:Heparin(short label)","CHEBI:28304","psi-mi:MI:0499(unspecified role)","psi-mi:MI:0499(unspecified role)","pubmed:1703436","","Glycosaminoglycan","MatrixDB","matrixdb:GAG_1","protein_xref_pubmed","1703436","glycan_xref_matrixdb","GAG_1"
"P05155-1","GAG_1","matrixdb:Heparin(short label)","CHEBI:28304","psi-mi:MI:0499(unspecified role)","psi-mi:MI:0499(unspecified role)","pubmed:9882449","","Glycosaminoglycan","MatrixDB","matrixdb:GAG_1","glycan_xref_matrixdb","GAG_1","glycan_xref_matrixdb","GAG_1"
"P05155-1","GAG_1","matrixdb:Heparin(short label)","CHEBI:28304","psi-mi:MI:0499(unspecified role)","psi-mi:MI:0499(unspecified role)","pubmed:9882449","","Glycosaminoglycan","MatrixDB","matrixdb:GAG_1","protein_xref_pubmed","9882449","glycan_xref_matrixdb","GAG_1"
"P05230-1","GAG_1","matrixdb:Heparin(short label)","CHEBI:28304","psi-mi:MI:0499(unspecified role)","psi-mi:MI:0499(unspecified role)","pubmed:9343372","","Glycosaminoglycan","MatrixDB","matrixdb:GAG_1","glycan_xref_matrixdb","GAG_1","glycan_xref_matrixdb","GAG_1"
"P05230-1","GAG_1","matrixdb:Heparin(short label)","CHEBI:28304","psi-mi:MI:0499(unspecified role)","psi-mi:MI:0499(unspecified role)","pubmed:9343372","","Glycosaminoglycan","MatrixDB","matrixdb:GAG_1","protein_xref_pubmed","9343372","glycan_xref_matrixdb","GAG_1"
"P05230-1","GAG_1","matrixdb:Heparin(short label)","CHEBI:28304","psi-mi:MI:0499(unspecified role)","psi-mi:MI:0499(unspecified role)","pubmed:18441324","","Glycosaminoglycan","PubMed","matrixdb:GAG_1","glycan_xref_matrixdb","GAG_1","glycan_xref_matrixdb","GAG_1"
"P05230-1","GAG_1","matrixdb:Heparin(short label)","CHEBI:28304","psi-mi:MI:0499(unspecified role)","psi-mi:MI:0499(unspecified role)","pubmed:18441324","","Glycosaminoglycan","PubMed","matrixdb:GAG_1","protein_xref_pubmed","18441324","glycan_xref_matrixdb","GAG_1"
"P05230-1","GAG_1","","CHEBI:28304","psi-mi:MI:0499(unspecified role)","psi-mi:MI:0499(unspecified role)","imex:IM-18768","","Glycosaminoglycan","PubMed","matrixdb:GAG_1","glycan_xref_matrixdb","GAG_1","glycan_xref_matrixdb","GAG_1"
"P05231-1","GAG_1","matrixdb:Heparin(short label)","CHEBI:28304","psi-mi:MI:0499(unspecified role)","psi-mi:MI:0499(unspecified role)","pubmed:11067924","","Glycosaminoglycan","MatrixDB","matrixdb:GAG_1","glycan_xref_matrixdb","GAG_1","glycan_xref_matrixdb","GAG_1"
"P05231-1","GAG_1","matrixdb:Heparin(short label)","CHEBI:28304","psi-mi:MI:0499(unspecified role)","psi-mi:MI:0499(unspecified role)","pubmed:11067924","","Glycosaminoglycan","MatrixDB","matrixdb:GAG_1","protein_xref_pubmed","11067924","glycan_xref_matrixdb","GAG_1"
"P05546-1","GAG_1","matrixdb:Heparin(short label)","CHEBI:28304","psi-mi:MI:0499(unspecified role)","psi-mi:MI:0499(unspecified role)","pubmed:12706831","","Glycosaminoglycan","MatrixDB","matrixdb:GAG_1","glycan_xref_matrixdb","GAG_1","glycan_xref_matrixdb","GAG_1"
"P05546-1","GAG_1","matrixdb:Heparin(short label)","CHEBI:28304","psi-mi:MI:0499(unspecified role)","psi-mi:MI:0499(unspecified role)","pubmed:12706831","","Glycosaminoglycan","MatrixDB","matrixdb:GAG_1","protein_xref_pubmed","12706831","glycan_xref_matrixdb","GAG_1"
"P07858-1","GAG_1","matrixdb:Heparin(short label)","CHEBI:28304","psi-mi:MI:0499(unspecified role)","psi-mi:MI:0499(unspecified role)","pubmed:11016923","","Glycosaminoglycan","MatrixDB","matrixdb:GAG_1","glycan_xref_matrixdb","GAG_1","glycan_xref_matrixdb","GAG_1"
"P07858-1","GAG_1","matrixdb:Heparin(short label)","CHEBI:28304","psi-mi:MI:0499(unspecified role)","psi-mi:MI:0499(unspecified role)","pubmed:11016923","","Glycosaminoglycan","MatrixDB","matrixdb:GAG_1","protein_xref_pubmed","11016923","glycan_xref_matrixdb","GAG_1"
"P07996-1","GAG_1","matrixdb:Heparin(short label)","CHEBI:28304","psi-mi:MI:0499(unspecified role)","psi-mi:MI:0499(unspecified role)","pubmed:18226512","","Glycosaminoglycan","MatrixDB","matrixdb:GAG_1","glycan_xref_matrixdb","GAG_1","glycan_xref_matrixdb","GAG_1"
"P07996-1","GAG_1","matrixdb:Heparin(short label)","CHEBI:28304","psi-mi:MI:0499(unspecified role)","psi-mi:MI:0499(unspecified role)","pubmed:18226512","","Glycosaminoglycan","MatrixDB","matrixdb:GAG_1","protein_xref_pubmed","18226512","glycan_xref_matrixdb","GAG_1"
"P07996-1","GAG_1","matrixdb:Heparin(short label)","CHEBI:28304","psi-mi:MI:0499(unspecified role)","psi-mi:MI:0499(unspecified role)","pubmed:19542224","","Glycosaminoglycan","PubMed","matrixdb:GAG_1","glycan_xref_matrixdb","GAG_1","glycan_xref_matrixdb","GAG_1"
"P07996-1","GAG_1","matrixdb:Heparin(short label)","CHEBI:28304","psi-mi:MI:0499(unspecified role)","psi-mi:MI:0499(unspecified role)","pubmed:19542224","","Glycosaminoglycan","PubMed","matrixdb:GAG_1","protein_xref_pubmed","19542224","glycan_xref_matrixdb","GAG_1"
"P08246-1","GAG_1","matrixdb:Heparin(short label)","CHEBI:28304","psi-mi:MI:0499(unspecified role)","psi-mi:MI:0499(unspecified role)","pubmed:1869557","","Glycosaminoglycan","MatrixDB","matrixdb:GAG_1","glycan_xref_matrixdb","GAG_1","glycan_xref_matrixdb","GAG_1"
"P08246-1","GAG_1","matrixdb:Heparin(short label)","CHEBI:28304","psi-mi:MI:0499(unspecified role)","psi-mi:MI:0499(unspecified role)","pubmed:1869557","","Glycosaminoglycan","MatrixDB","matrixdb:GAG_1","protein_xref_pubmed","1869557","glycan_xref_matrixdb","GAG_1"
"P08246-1","GAG_1","matrixdb:Heparin(short label)","CHEBI:28304","psi-mi:MI:0499(unspecified role)","psi-mi:MI:0499(unspecified role)","pubmed:7961933","","Glycosaminoglycan","MatrixDB","matrixdb:GAG_1","glycan_xref_matrixdb","GAG_1","glycan_xref_matrixdb","GAG_1"
"P08246-1","GAG_1","matrixdb:Heparin(short label)","CHEBI:28304","psi-mi:MI:0499(unspecified role)","psi-mi:MI:0499(unspecified role)","pubmed:7961933","","Glycosaminoglycan","MatrixDB","matrixdb:GAG_1","protein_xref_pubmed","7961933","glycan_xref_matrixdb","GAG_1"
"P08253-1","GAG_1","matrixdb:Heparin(short label)","CHEBI:28304","psi-mi:MI:0499(unspecified role)","psi-mi:MI:0499(unspecified role)","pubmed:8269931","","Glycosaminoglycan","MatrixDB","matrixdb:GAG_1","glycan_xref_matrixdb","GAG_1","glycan_xref_matrixdb","GAG_1"
"P08253-1","GAG_1","matrixdb:Heparin(short label)","CHEBI:28304","psi-mi:MI:0499(unspecified role)","psi-mi:MI:0499(unspecified role)","pubmed:8269931","","Glycosaminoglycan","MatrixDB","matrixdb:GAG_1","protein_xref_pubmed","8269931","glycan_xref_matrixdb","GAG_1"
"P08294-1","GAG_1","matrixdb:Heparin(short label)","CHEBI:28304","psi-mi:MI:0499(unspecified role)","psi-mi:MI:0499(unspecified role)","pubmed:11863456","","Glycosaminoglycan","MatrixDB","matrixdb:GAG_1","glycan_xref_matrixdb","GAG_1","glycan_xref_matrixdb","GAG_1"
"P08294-1","GAG_1","matrixdb:Heparin(short label)","CHEBI:28304","psi-mi:MI:0499(unspecified role)","psi-mi:MI:0499(unspecified role)","pubmed:11863456","","Glycosaminoglycan","MatrixDB","matrixdb:GAG_1","protein_xref_pubmed","11863456","glycan_xref_matrixdb","GAG_1"
"P08311-1","GAG_1","matrixdb:Heparin(short label)","CHEBI:28304","psi-mi:MI:0499(unspecified role)","psi-mi:MI:0499(unspecified role)","pubmed:1869557","","Glycosaminoglycan","MatrixDB","matrixdb:GAG_1","glycan_xref_matrixdb","GAG_1","glycan_xref_matrixdb","GAG_1"
"P08311-1","GAG_1","matrixdb:Heparin(short label)","CHEBI:28304","psi-mi:MI:0499(unspecified role)","psi-mi:MI:0499(unspecified role)","pubmed:1869557","","Glycosaminoglycan","MatrixDB","matrixdb:GAG_1","protein_xref_pubmed","1869557","glycan_xref_matrixdb","GAG_1"
"P08311-1","GAG_1","matrixdb:Heparin(short label)","CHEBI:28304","psi-mi:MI:0499(unspecified role)","psi-mi:MI:0499(unspecified role)","pubmed:7961933","","Glycosaminoglycan","MatrixDB","matrixdb:GAG_1","glycan_xref_matrixdb","GAG_1","glycan_xref_matrixdb","GAG_1"
"P08311-1","GAG_1","matrixdb:Heparin(short label)","CHEBI:28304","psi-mi:MI:0499(unspecified role)","psi-mi:MI:0499(unspecified role)","pubmed:7961933","","Glycosaminoglycan","MatrixDB","matrixdb:GAG_1","protein_xref_pubmed","7961933","glycan_xref_matrixdb","GAG_1"
"P08581-1","GAG_1","matrixdb:Heparin(short label)","CHEBI:28304","psi-mi:MI:0499(unspecified role)","psi-mi:MI:0499(unspecified role)","pubmed:11435444","","Glycosaminoglycan","MatrixDB","matrixdb:GAG_1","glycan_xref_matrixdb","GAG_1","glycan_xref_matrixdb","GAG_1"
"P08581-1","GAG_1","matrixdb:Heparin(short label)","CHEBI:28304","psi-mi:MI:0499(unspecified role)","psi-mi:MI:0499(unspecified role)","pubmed:11435444","","Glycosaminoglycan","MatrixDB","matrixdb:GAG_1","protein_xref_pubmed","11435444","glycan_xref_matrixdb","GAG_1"
"P08603-1","GAG_1","matrixdb:Heparin(short label)","CHEBI:28304","psi-mi:MI:0499(unspecified role)","psi-mi:MI:0499(unspecified role)","pubmed:15183770","","Glycosaminoglycan","MatrixDB","matrixdb:GAG_1","glycan_xref_matrixdb","GAG_1","glycan_xref_matrixdb","GAG_1"
"P08603-1","GAG_1","matrixdb:Heparin(short label)","CHEBI:28304","psi-mi:MI:0499(unspecified role)","psi-mi:MI:0499(unspecified role)","pubmed:15183770","","Glycosaminoglycan","MatrixDB","matrixdb:GAG_1","protein_xref_pubmed","15183770","glycan_xref_matrixdb","GAG_1"
"P09038-4","GAG_1","matrixdb:Heparin(short label)","CHEBI:28304","psi-mi:MI:0499(unspecified role)","psi-mi:MI:0499(unspecified role)","pubmed:1587820","","Glycosaminoglycan","MatrixDB","matrixdb:GAG_1","glycan_xref_matrixdb","GAG_1","glycan_xref_matrixdb","GAG_1"
"P09038-4","GAG_1","matrixdb:Heparin(short label)","CHEBI:28304","psi-mi:MI:0499(unspecified role)","psi-mi:MI:0499(unspecified role)","pubmed:1587820","","Glycosaminoglycan","MatrixDB","matrixdb:GAG_1","protein_xref_pubmed","1587820","glycan_xref_matrixdb","GAG_1"
"P09038-4","GAG_1","matrixdb:Heparin(short label)","CHEBI:28304","psi-mi:MI:0499(unspecified role)","psi-mi:MI:0499(unspecified role)","pubmed:11135627","","Glycosaminoglycan","MatrixDB","matrixdb:GAG_1","glycan_xref_matrixdb","GAG_1","glycan_xref_matrixdb","GAG_1"
"P09038-4","GAG_1","matrixdb:Heparin(short label)","CHEBI:28304","psi-mi:MI:0499(unspecified role)","psi-mi:MI:0499(unspecified role)","pubmed:11135627","","Glycosaminoglycan","MatrixDB","matrixdb:GAG_1","protein_xref_pubmed","11135627","glycan_xref_matrixdb","GAG_1"
"P10145-1","GAG_1","matrixdb:Heparin(short label)","CHEBI:28304","psi-mi:MI:0499(unspecified role)","psi-mi:MI:0499(unspecified role)","pubmed:9624135","","Glycosaminoglycan","MatrixDB","matrixdb:GAG_1","glycan_xref_matrixdb","GAG_1","glycan_xref_matrixdb","GAG_1"
"P10145-1","GAG_1","matrixdb:Heparin(short label)","CHEBI:28304","psi-mi:MI:0499(unspecified role)","psi-mi:MI:0499(unspecified role)","pubmed:9624135","","Glycosaminoglycan","MatrixDB","matrixdb:GAG_1","protein_xref_pubmed","9624135","glycan_xref_matrixdb","GAG_1"
"P10145-1","GAG_1","matrixdb:Heparin(short label)","CHEBI:28304","psi-mi:MI:0499(unspecified role)","psi-mi:MI:0499(unspecified role)","pubmed:15183770","","Glycosaminoglycan","MatrixDB","matrixdb:GAG_1","glycan_xref_matrixdb","GAG_1","glycan_xref_matrixdb","GAG_1"
"P10145-1","GAG_1","matrixdb:Heparin(short label)","CHEBI:28304","psi-mi:MI:0499(unspecified role)","psi-mi:MI:0499(unspecified role)","pubmed:15183770","","Glycosaminoglycan","MatrixDB","matrixdb:GAG_1","protein_xref_pubmed","15183770","glycan_xref_matrixdb","GAG_1"
"P12111-1","GAG_1","matrixdb:Heparin(short label)","CHEBI:28304","psi-mi:MI:0499(unspecified role)","psi-mi:MI:0499(unspecified role)","pubmed:1425570","","Glycosaminoglycan","MatrixDB","matrixdb:GAG_1","glycan_xref_matrixdb","GAG_1","glycan_xref_matrixdb","GAG_1"
"P12111-1","GAG_1","matrixdb:Heparin(short label)","CHEBI:28304","psi-mi:MI:0499(unspecified role)","psi-mi:MI:0499(unspecified role)","pubmed:1425570","","Glycosaminoglycan","MatrixDB","matrixdb:GAG_1","protein_xref_pubmed","1425570","glycan_xref_matrixdb","GAG_1"
"P12643-1","GAG_1","matrixdb:Heparin(short label)","CHEBI:28304","psi-mi:MI:0499(unspecified role)","psi-mi:MI:0499(unspecified role)","pubmed:8620887","","Glycosaminoglycan","MatrixDB","matrixdb:GAG_1","glycan_xref_matrixdb","GAG_1","glycan_xref_matrixdb","GAG_1"
"P12643-1","GAG_1","matrixdb:Heparin(short label)","CHEBI:28304","psi-mi:MI:0499(unspecified role)","psi-mi:MI:0499(unspecified role)","pubmed:8620887","","Glycosaminoglycan","MatrixDB","matrixdb:GAG_1","protein_xref_pubmed","8620887","glycan_xref_matrixdb","GAG_1"
"P12644-1","GAG_1","matrixdb:Heparin(short label)","CHEBI:28304","psi-mi:MI:0499(unspecified role)","psi-mi:MI:0499(unspecified role)","pubmed:15381701","","Glycosaminoglycan","MatrixDB","matrixdb:GAG_1","glycan_xref_matrixdb","GAG_1","glycan_xref_matrixdb","GAG_1"
"P12644-1","GAG_1","matrixdb:Heparin(short label)","CHEBI:28304","psi-mi:MI:0499(unspecified role)","psi-mi:MI:0499(unspecified role)","pubmed:15381701","","Glycosaminoglycan","MatrixDB","matrixdb:GAG_1","protein_xref_pubmed","15381701","glycan_xref_matrixdb","GAG_1"
"P14151-1","GAG_1","matrixdb:Heparin(short label)","CHEBI:28304","psi-mi:MI:0499(unspecified role)","psi-mi:MI:0499(unspecified role)","pubmed:7687382","","Glycosaminoglycan","MatrixDB","matrixdb:GAG_1","glycan_xref_matrixdb","GAG_1","glycan_xref_matrixdb","GAG_1"
"P14151-1","GAG_1","matrixdb:Heparin(short label)","CHEBI:28304","psi-mi:MI:0499(unspecified role)","psi-mi:MI:0499(unspecified role)","pubmed:7687382","","Glycosaminoglycan","MatrixDB","matrixdb:GAG_1","protein_xref_pubmed","7687382","glycan_xref_matrixdb","GAG_1"
"P14210-1","GAG_1","matrixdb:Heparin(short label)","CHEBI:28304","psi-mi:MI:0499(unspecified role)","psi-mi:MI:0499(unspecified role)","pubmed:8157651","","Glycosaminoglycan","MatrixDB","matrixdb:GAG_1","glycan_xref_matrixdb","GAG_1","glycan_xref_matrixdb","GAG_1"
"P14210-1","GAG_1","matrixdb:Heparin(short label)","CHEBI:28304","psi-mi:MI:0499(unspecified role)","psi-mi:MI:0499(unspecified role)","pubmed:8157651","","Glycosaminoglycan","MatrixDB","matrixdb:GAG_1","protein_xref_pubmed","8157651","glycan_xref_matrixdb","GAG_1"
"P16109-1","GAG_1","matrixdb:Heparin(short label)","CHEBI:28304","psi-mi:MI:0499(unspecified role)","psi-mi:MI:0499(unspecified role)","pubmed:9466983","","Glycosaminoglycan","MatrixDB","matrixdb:GAG_1","glycan_xref_matrixdb","GAG_1","glycan_xref_matrixdb","GAG_1"
"P16109-1","GAG_1","matrixdb:Heparin(short label)","CHEBI:28304","psi-mi:MI:0499(unspecified role)","psi-mi:MI:0499(unspecified role)","pubmed:9466983","","Glycosaminoglycan","MatrixDB","matrixdb:GAG_1","protein_xref_pubmed","9466983","glycan_xref_matrixdb","GAG_1"
"P18075-1","GAG_1","matrixdb:Heparin(short label)","CHEBI:28304","psi-mi:MI:0499(unspecified role)","psi-mi:MI:0499(unspecified role)","pubmed:12927798","","Glycosaminoglycan","MatrixDB","matrixdb:GAG_1","glycan_xref_matrixdb","GAG_1","glycan_xref_matrixdb","GAG_1"
"P18075-1","GAG_1","matrixdb:Heparin(short label)","CHEBI:28304","psi-mi:MI:0499(unspecified role)","psi-mi:MI:0499(unspecified role)","pubmed:12927798","","Glycosaminoglycan","MatrixDB","matrixdb:GAG_1","protein_xref_pubmed","12927798","glycan_xref_matrixdb","GAG_1"
"P20849-1","GAG_1","matrixdb:Heparin(short label)","CHEBI:28304","psi-mi:MI:0499(unspecified role)","psi-mi:MI:0499(unspecified role)","pubmed:15047691","","Glycosaminoglycan","MatrixDB","matrixdb:GAG_1","glycan_xref_matrixdb","GAG_1","glycan_xref_matrixdb","GAG_1"
"P20849-1","GAG_1","matrixdb:Heparin(short label)","CHEBI:28304","psi-mi:MI:0499(unspecified role)","psi-mi:MI:0499(unspecified role)","pubmed:15047691","","Glycosaminoglycan","MatrixDB","matrixdb:GAG_1","protein_xref_pubmed","15047691","glycan_xref_matrixdb","GAG_1"
"P20908-1","GAG_1","matrixdb:Heparin(short label)","CHEBI:28304","psi-mi:MI:0499(unspecified role)","psi-mi:MI:0499(unspecified role)","pubmed:9614116","","Glycosaminoglycan","MatrixDB","matrixdb:GAG_1","glycan_xref_matrixdb","GAG_1","glycan_xref_matrixdb","GAG_1"
"P20908-1","GAG_1","matrixdb:Heparin(short label)","CHEBI:28304","psi-mi:MI:0499(unspecified role)","psi-mi:MI:0499(unspecified role)","pubmed:9614116","","Glycosaminoglycan","MatrixDB","matrixdb:GAG_1","protein_xref_pubmed","9614116","glycan_xref_matrixdb","GAG_1"
"P21802-1","GAG_1","matrixdb:Heparin(short label)","CHEBI:28304","psi-mi:MI:0499(unspecified role)","psi-mi:MI:0499(unspecified role)","pubmed:12034712","","Glycosaminoglycan","MatrixDB","matrixdb:GAG_1","glycan_xref_matrixdb","GAG_1","glycan_xref_matrixdb","GAG_1"
"P21802-1","GAG_1","matrixdb:Heparin(short label)","CHEBI:28304","psi-mi:MI:0499(unspecified role)","psi-mi:MI:0499(unspecified role)","pubmed:12034712","","Glycosaminoglycan","MatrixDB","matrixdb:GAG_1","protein_xref_pubmed","12034712","glycan_xref_matrixdb","GAG_1"
"P21980-1","GAG_1","matrixdb:Heparin(short label)","CHEBI:28304","psi-mi:MI:0499(unspecified role)","psi-mi:MI:0499(unspecified role)","pubmed:15935280","","Glycosaminoglycan","MatrixDB","matrixdb:GAG_1","glycan_xref_matrixdb","GAG_1","glycan_xref_matrixdb","GAG_1"
"P21980-1","GAG_1","matrixdb:Heparin(short label)","CHEBI:28304","psi-mi:MI:0499(unspecified role)","psi-mi:MI:0499(unspecified role)","pubmed:15935280","","Glycosaminoglycan","MatrixDB","matrixdb:GAG_1","protein_xref_pubmed","15935280","glycan_xref_matrixdb","GAG_1"
"P21980-1","GAG_1","matrixdb:Heparin(short label)","CHEBI:28304","psi-mi:MI:0499(unspecified role)","psi-mi:MI:0499(unspecified role)","pubmed:19542224","","Glycosaminoglycan","PubMed","matrixdb:GAG_1","glycan_xref_matrixdb","GAG_1","glycan_xref_matrixdb","GAG_1"
"P21980-1","GAG_1","matrixdb:Heparin(short label)","CHEBI:28304","psi-mi:MI:0499(unspecified role)","psi-mi:MI:0499(unspecified role)","pubmed:19542224","","Glycosaminoglycan","PubMed","matrixdb:GAG_1","protein_xref_pubmed","19542224","glycan_xref_matrixdb","GAG_1"
"P21980-1","GAG_1","matrixdb:Heparin(short label)","CHEBI:28304","psi-mi:MI:0499(unspecified role)","psi-mi:MI:0499(unspecified role)","pubmed:22442151","","Glycosaminoglycan","PubMed","matrixdb:GAG_1","glycan_xref_matrixdb","GAG_1","glycan_xref_matrixdb","GAG_1"
"P21980-1","GAG_1","matrixdb:Heparin(short label)","CHEBI:28304","psi-mi:MI:0499(unspecified role)","psi-mi:MI:0499(unspecified role)","pubmed:22442151","","Glycosaminoglycan","PubMed","matrixdb:GAG_1","protein_xref_pubmed","22442151","glycan_xref_matrixdb","GAG_1"
"P22105-3","GAG_1","matrixdb:Heparin(short label)","CHEBI:28304","psi-mi:MI:0499(unspecified role)","psi-mi:MI:0499(unspecified role)","pubmed:7512972","","Glycosaminoglycan","MatrixDB","matrixdb:GAG_1","glycan_xref_matrixdb","GAG_1","glycan_xref_matrixdb","GAG_1"
"P22105-3","GAG_1","matrixdb:Heparin(short label)","CHEBI:28304","psi-mi:MI:0499(unspecified role)","psi-mi:MI:0499(unspecified role)","pubmed:7512972","","Glycosaminoglycan","MatrixDB","matrixdb:GAG_1","protein_xref_pubmed","7512972","glycan_xref_matrixdb","GAG_1"
"P22105-3","GAG_1","matrixdb:Heparin(short label)","CHEBI:28304","psi-mi:MI:0499(unspecified role)","psi-mi:MI:0499(unspecified role)","pubmed:11278641","","Glycosaminoglycan","MatrixDB","matrixdb:GAG_1","glycan_xref_matrixdb","GAG_1","glycan_xref_matrixdb","GAG_1"
"P22105-3","GAG_1","matrixdb:Heparin(short label)","CHEBI:28304","psi-mi:MI:0499(unspecified role)","psi-mi:MI:0499(unspecified role)","pubmed:11278641","","Glycosaminoglycan","MatrixDB","matrixdb:GAG_1","protein_xref_pubmed","11278641","glycan_xref_matrixdb","GAG_1"
"P22301-1","GAG_1","matrixdb:Heparin(short label)","CHEBI:28304","psi-mi:MI:0499(unspecified role)","psi-mi:MI:0499(unspecified role)","pubmed:10961890","","Glycosaminoglycan","MatrixDB","matrixdb:GAG_1","glycan_xref_matrixdb","GAG_1","glycan_xref_matrixdb","GAG_1"
"P22301-1","GAG_1","matrixdb:Heparin(short label)","CHEBI:28304","psi-mi:MI:0499(unspecified role)","psi-mi:MI:0499(unspecified role)","pubmed:10961890","","Glycosaminoglycan","MatrixDB","matrixdb:GAG_1","protein_xref_pubmed","10961890","glycan_xref_matrixdb","GAG_1"
"P22455-1","GAG_1","matrixdb:Heparin(short label)","CHEBI:28304","psi-mi:MI:0499(unspecified role)","psi-mi:MI:0499(unspecified role)","pubmed:11278860","","Glycosaminoglycan","MatrixDB","matrixdb:GAG_1","glycan_xref_matrixdb","GAG_1","glycan_xref_matrixdb","GAG_1"
"P22455-1","GAG_1","matrixdb:Heparin(short label)","CHEBI:28304","psi-mi:MI:0499(unspecified role)","psi-mi:MI:0499(unspecified role)","pubmed:11278860","","Glycosaminoglycan","MatrixDB","matrixdb:GAG_1","protein_xref_pubmed","11278860","glycan_xref_matrixdb","GAG_1"
"P28799-1","GAG_1","matrixdb:Heparin(short label)","CHEBI:28304","psi-mi:MI:0499(unspecified role)","psi-mi:MI:0499(unspecified role)","pubmed:19755719","","Glycosaminoglycan","MatrixDB","matrixdb:GAG_1","glycan_xref_matrixdb","GAG_1","glycan_xref_matrixdb","GAG_1"
"P28799-1","GAG_1","matrixdb:Heparin(short label)","CHEBI:28304","psi-mi:MI:0499(unspecified role)","psi-mi:MI:0499(unspecified role)","pubmed:19755719","","Glycosaminoglycan","MatrixDB","matrixdb:GAG_1","protein_xref_pubmed","19755719","glycan_xref_matrixdb","GAG_1"
"P28799-1","GAG_1","","CHEBI:28304","psi-mi:MI:0499(unspecified role)","psi-mi:MI:0499(unspecified role)","imex:IM-14134","","Glycosaminoglycan","MatrixDB","matrixdb:GAG_1","glycan_xref_matrixdb","GAG_1","glycan_xref_matrixdb","GAG_1"
"P35555-1","GAG_1","matrixdb:Heparin(short label)","CHEBI:28304","psi-mi:MI:0499(unspecified role)","psi-mi:MI:0499(unspecified role)","pubmed:12837131","","Glycosaminoglycan","MatrixDB","matrixdb:GAG_1","glycan_xref_matrixdb","GAG_1","glycan_xref_matrixdb","GAG_1"
"P35555-1","GAG_1","matrixdb:Heparin(short label)","CHEBI:28304","psi-mi:MI:0499(unspecified role)","psi-mi:MI:0499(unspecified role)","pubmed:12837131","","Glycosaminoglycan","MatrixDB","matrixdb:GAG_1","protein_xref_pubmed","12837131","glycan_xref_matrixdb","GAG_1"
"P35555-1","GAG_1","matrixdb:Heparin(short label)","CHEBI:28304","psi-mi:MI:0499(unspecified role)","psi-mi:MI:0499(unspecified role)","pubmed:15980072","","Glycosaminoglycan","MatrixDB","matrixdb:GAG_1","glycan_xref_matrixdb","GAG_1","glycan_xref_matrixdb","GAG_1"
"P35555-1","GAG_1","matrixdb:Heparin(short label)","CHEBI:28304","psi-mi:MI:0499(unspecified role)","psi-mi:MI:0499(unspecified role)","pubmed:15980072","","Glycosaminoglycan","MatrixDB","matrixdb:GAG_1","protein_xref_pubmed","15980072","glycan_xref_matrixdb","GAG_1"
"P35556-1","GAG_1","matrixdb:Heparin(short label)","CHEBI:28304","psi-mi:MI:0499(unspecified role)","psi-mi:MI:0499(unspecified role)","pubmed:12837131","","Glycosaminoglycan","MatrixDB","matrixdb:GAG_1","glycan_xref_matrixdb","GAG_1","glycan_xref_matrixdb","GAG_1"
"P35556-1","GAG_1","matrixdb:Heparin(short label)","CHEBI:28304","psi-mi:MI:0499(unspecified role)","psi-mi:MI:0499(unspecified role)","pubmed:12837131","","Glycosaminoglycan","MatrixDB","matrixdb:GAG_1","protein_xref_pubmed","12837131","glycan_xref_matrixdb","GAG_1"
"P48061-1","GAG_1","matrixdb:Heparin(short label)","CHEBI:28304","psi-mi:MI:0499(unspecified role)","psi-mi:MI:0499(unspecified role)","pubmed:10446158","","Glycosaminoglycan","MatrixDB","matrixdb:GAG_1","glycan_xref_matrixdb","GAG_1","glycan_xref_matrixdb","GAG_1"
"P48061-1","GAG_1","matrixdb:Heparin(short label)","CHEBI:28304","psi-mi:MI:0499(unspecified role)","psi-mi:MI:0499(unspecified role)","pubmed:10446158","","Glycosaminoglycan","MatrixDB","matrixdb:GAG_1","protein_xref_pubmed","10446158","glycan_xref_matrixdb","GAG_1"
"P51693-1","GAG_1","matrixdb:Heparin(short label)","CHEBI:28304","psi-mi:MI:0499(unspecified role)","psi-mi:MI:0499(unspecified role)","pubmed:7929392","","Glycosaminoglycan","MatrixDB","matrixdb:GAG_1","glycan_xref_matrixdb","GAG_1","glycan_xref_matrixdb","GAG_1"
"P51693-1","GAG_1","matrixdb:Heparin(short label)","CHEBI:28304","psi-mi:MI:0499(unspecified role)","psi-mi:MI:0499(unspecified role)","pubmed:7929392","","Glycosaminoglycan","MatrixDB","matrixdb:GAG_1","protein_xref_pubmed","7929392","glycan_xref_matrixdb","GAG_1"
"P51888-1","GAG_1","matrixdb:Heparin(short label)","CHEBI:28304","psi-mi:MI:0499(unspecified role)","psi-mi:MI:0499(unspecified role)","pubmed:11007795","","Glycosaminoglycan","MatrixDB","matrixdb:GAG_1","glycan_xref_matrixdb","GAG_1","glycan_xref_matrixdb","GAG_1"
"P51888-1","GAG_1","matrixdb:Heparin(short label)","CHEBI:28304","psi-mi:MI:0499(unspecified role)","psi-mi:MI:0499(unspecified role)","pubmed:11007795","","Glycosaminoglycan","MatrixDB","matrixdb:GAG_1","protein_xref_pubmed","11007795","glycan_xref_matrixdb","GAG_1"
"P98066-1","GAG_1","matrixdb:Heparin(short label)","CHEBI:28304","psi-mi:MI:0499(unspecified role)","psi-mi:MI:0499(unspecified role)","pubmed:15183770","","Glycosaminoglycan","MatrixDB","matrixdb:GAG_1","glycan_xref_matrixdb","GAG_1","glycan_xref_matrixdb","GAG_1"
"P98066-1","GAG_1","matrixdb:Heparin(short label)","CHEBI:28304","psi-mi:MI:0499(unspecified role)","psi-mi:MI:0499(unspecified role)","pubmed:15183770","","Glycosaminoglycan","MatrixDB","matrixdb:GAG_1","protein_xref_pubmed","15183770","glycan_xref_matrixdb","GAG_1"
"Q6ZMM2-1","GAG_1","matrixdb:Heparin(short label)","CHEBI:28304","psi-mi:MI:0499(unspecified role)","psi-mi:MI:0499(unspecified role)","pubmed:23010571","","Glycosaminoglycan","MatrixDB","matrixdb:GAG_1","glycan_xref_matrixdb","GAG_1","glycan_xref_matrixdb","GAG_1"
"Q6ZMM2-1","GAG_1","matrixdb:Heparin(short label)","CHEBI:28304","psi-mi:MI:0499(unspecified role)","psi-mi:MI:0499(unspecified role)","pubmed:23010571","","Glycosaminoglycan","MatrixDB","matrixdb:GAG_1","protein_xref_pubmed","23010571","glycan_xref_matrixdb","GAG_1"
"Q6ZMM2-1","GAG_1","","CHEBI:28304","psi-mi:MI:0499(unspecified role)","psi-mi:MI:0499(unspecified role)","imex:IM-20977","","Glycosaminoglycan","MatrixDB","matrixdb:GAG_1","glycan_xref_matrixdb","GAG_1","glycan_xref_matrixdb","GAG_1"
"Q6ZMM2-1","GAG_1","matrixdb:Heparin(short label)","CHEBI:28304","psi-mi:MI:0499(unspecified role)","psi-mi:MI:0499(unspecified role)","pubmed:23010571","","Glycosaminoglycan","PubMed","matrixdb:GAG_1","glycan_xref_matrixdb","GAG_1","glycan_xref_matrixdb","GAG_1"
"Q6ZMM2-1","GAG_1","matrixdb:Heparin(short label)","CHEBI:28304","psi-mi:MI:0499(unspecified role)","psi-mi:MI:0499(unspecified role)","pubmed:23010571","","Glycosaminoglycan","PubMed","matrixdb:GAG_1","protein_xref_pubmed","23010571","glycan_xref_matrixdb","GAG_1"
"Q6ZMM2-1","GAG_1","","CHEBI:28304","psi-mi:MI:0499(unspecified role)","psi-mi:MI:0499(unspecified role)","imex:IM-20977","","Glycosaminoglycan","PubMed","matrixdb:GAG_1","glycan_xref_matrixdb","GAG_1","glycan_xref_matrixdb","GAG_1"
"Q9BZV3-1","GAG_1","matrixdb:Heparin(short label)","CHEBI:28304","psi-mi:MI:0499(unspecified role)","psi-mi:MI:0499(unspecified role)","pubmed:15044457","","Glycosaminoglycan","MatrixDB","matrixdb:GAG_1","glycan_xref_matrixdb","GAG_1","glycan_xref_matrixdb","GAG_1"
"Q9BZV3-1","GAG_1","matrixdb:Heparin(short label)","CHEBI:28304","psi-mi:MI:0499(unspecified role)","psi-mi:MI:0499(unspecified role)","pubmed:15044457","","Glycosaminoglycan","MatrixDB","matrixdb:GAG_1","protein_xref_pubmed","15044457","glycan_xref_matrixdb","GAG_1"
"Q9Y215-1","GAG_1","matrixdb:Heparin(short label)","CHEBI:28304","psi-mi:MI:0499(unspecified role)","psi-mi:MI:0499(unspecified role)","pubmed:3161900","","Glycosaminoglycan","MatrixDB","matrixdb:GAG_1","glycan_xref_matrixdb","GAG_1","glycan_xref_matrixdb","GAG_1"
"Q9Y215-1","GAG_1","matrixdb:Heparin(short label)","CHEBI:28304","psi-mi:MI:0499(unspecified role)","psi-mi:MI:0499(unspecified role)","pubmed:3161900","","Glycosaminoglycan","MatrixDB","matrixdb:GAG_1","protein_xref_pubmed","3161900","glycan_xref_matrixdb","GAG_1"
"Q96GW7-1","GAG_1","matrixdb:Heparin(short label)","CHEBI:28304","psi-mi:MI:0499(unspecified role)","psi-mi:MI:0499(unspecified role)","pubmed:19576282","","Glycosaminoglycan","MatrixDB","matrixdb:GAG_1","glycan_xref_matrixdb","GAG_1","glycan_xref_matrixdb","GAG_1"
"Q96GW7-1","GAG_1","matrixdb:Heparin(short label)","CHEBI:28304","psi-mi:MI:0499(unspecified role)","psi-mi:MI:0499(unspecified role)","pubmed:19576282","","Glycosaminoglycan","MatrixDB","matrixdb:GAG_1","protein_xref_pubmed","19576282","glycan_xref_matrixdb","GAG_1"
"Q96GW7-1","GAG_1","","CHEBI:28304","psi-mi:MI:0499(unspecified role)","psi-mi:MI:0499(unspecified role)","imex:IM-14084","","Glycosaminoglycan","MatrixDB","matrixdb:GAG_1","glycan_xref_matrixdb","GAG_1","glycan_xref_matrixdb","GAG_1"
"Q02297-1","GAG_1","matrixdb:Heparin(short label)","CHEBI:28304","psi-mi:MI:0499(unspecified role)","psi-mi:MI:0499(unspecified role)","pubmed:15528194","","Glycosaminoglycan","MatrixDB","matrixdb:GAG_1","glycan_xref_matrixdb","GAG_1","glycan_xref_matrixdb","GAG_1"
"Q02297-1","GAG_1","matrixdb:Heparin(short label)","CHEBI:28304","psi-mi:MI:0499(unspecified role)","psi-mi:MI:0499(unspecified role)","pubmed:15528194","","Glycosaminoglycan","MatrixDB","matrixdb:GAG_1","protein_xref_pubmed","15528194","glycan_xref_matrixdb","GAG_1"
"Q06481-1","GAG_1","matrixdb:Heparin(short label)","CHEBI:28304","psi-mi:MI:0499(unspecified role)","psi-mi:MI:0499(unspecified role)","pubmed:7929392","","Glycosaminoglycan","MatrixDB","matrixdb:GAG_1","glycan_xref_matrixdb","GAG_1","glycan_xref_matrixdb","GAG_1"
"Q06481-1","GAG_1","matrixdb:Heparin(short label)","CHEBI:28304","psi-mi:MI:0499(unspecified role)","psi-mi:MI:0499(unspecified role)","pubmed:7929392","","Glycosaminoglycan","MatrixDB","matrixdb:GAG_1","protein_xref_pubmed","7929392","glycan_xref_matrixdb","GAG_1"
"Q14767-1","GAG_1","matrixdb:Heparin(short label)","CHEBI:28304","psi-mi:MI:0499(unspecified role)","psi-mi:MI:0499(unspecified role)","pubmed:20382221","","Glycosaminoglycan","MatrixDB","matrixdb:GAG_1","glycan_xref_matrixdb","GAG_1","glycan_xref_matrixdb","GAG_1"
"Q14767-1","GAG_1","matrixdb:Heparin(short label)","CHEBI:28304","psi-mi:MI:0499(unspecified role)","psi-mi:MI:0499(unspecified role)","pubmed:20382221","","Glycosaminoglycan","MatrixDB","matrixdb:GAG_1","protein_xref_pubmed","20382221","glycan_xref_matrixdb","GAG_1"
"Q14767-1","GAG_1","","CHEBI:28304","psi-mi:MI:0499(unspecified role)","psi-mi:MI:0499(unspecified role)","imex:IM-16033","","Glycosaminoglycan","MatrixDB","matrixdb:GAG_1","glycan_xref_matrixdb","GAG_1","glycan_xref_matrixdb","GAG_1"
"Q14767-1","GAG_1","matrixdb:Heparin(short label)","CHEBI:28304","psi-mi:MI:0941(competitor)","psi-mi:MI:0499(unspecified role)","pubmed:20382221","","Glycosaminoglycan","MatrixDB","matrixdb:GAG_1","glycan_xref_matrixdb","GAG_1","glycan_xref_matrixdb","GAG_1"
"Q14767-1","GAG_1","matrixdb:Heparin(short label)","CHEBI:28304","psi-mi:MI:0941(competitor)","psi-mi:MI:0499(unspecified role)","pubmed:20382221","","Glycosaminoglycan","MatrixDB","matrixdb:GAG_1","protein_xref_pubmed","20382221","glycan_xref_matrixdb","GAG_1"
"Q14767-1","GAG_1","","CHEBI:28304","psi-mi:MI:0941(competitor)","psi-mi:MI:0499(unspecified role)","imex:IM-16033","","Glycosaminoglycan","MatrixDB","matrixdb:GAG_1","glycan_xref_matrixdb","GAG_1","glycan_xref_matrixdb","GAG_1"
"Q15113-1","GAG_1","matrixdb:Heparin(short label)","CHEBI:28304","psi-mi:MI:0499(unspecified role)","psi-mi:MI:0499(unspecified role)","pubmed:24117177","","Glycosaminoglycan","PubMed","matrixdb:GAG_1","glycan_xref_matrixdb","GAG_1","glycan_xref_matrixdb","GAG_1"
"Q15113-1","GAG_1","matrixdb:Heparin(short label)","CHEBI:28304","psi-mi:MI:0499(unspecified role)","psi-mi:MI:0499(unspecified role)","pubmed:24117177","","Glycosaminoglycan","PubMed","matrixdb:GAG_1","protein_xref_pubmed","24117177","glycan_xref_matrixdb","GAG_1"
"Q15113-1","GAG_1","","CHEBI:28304","psi-mi:MI:0499(unspecified role)","psi-mi:MI:0499(unspecified role)","imex:IM-21580","","Glycosaminoglycan","PubMed","matrixdb:GAG_1","glycan_xref_matrixdb","GAG_1","glycan_xref_matrixdb","GAG_1"
"Q16787-2","GAG_1","matrixdb:Heparin(short label)","CHEBI:28304","psi-mi:MI:0499(unspecified role)","psi-mi:MI:0499(unspecified role)","pubmed:11373281","","Glycosaminoglycan","MatrixDB","matrixdb:GAG_1","glycan_xref_matrixdb","GAG_1","glycan_xref_matrixdb","GAG_1"
"Q16787-2","GAG_1","matrixdb:Heparin(short label)","CHEBI:28304","psi-mi:MI:0499(unspecified role)","psi-mi:MI:0499(unspecified role)","pubmed:11373281","","Glycosaminoglycan","MatrixDB","matrixdb:GAG_1","protein_xref_pubmed","11373281","glycan_xref_matrixdb","GAG_1"
"P00441-1","GAG_2","matrixdb:Heparan sulfate(short label)","CHEBI:28815","psi-mi:MI:0499(unspecified role)","psi-mi:MI:0499(unspecified role)","pubmed:3223905","","Glycosaminoglycan","MatrixDB","matrixdb:GAG_2","glycan_xref_matrixdb","GAG_2","glycan_xref_matrixdb","GAG_2"
"P00441-1","GAG_2","matrixdb:Heparan sulfate(short label)","CHEBI:28815","psi-mi:MI:0499(unspecified role)","psi-mi:MI:0499(unspecified role)","pubmed:3223905","","Glycosaminoglycan","MatrixDB","matrixdb:GAG_2","protein_xref_pubmed","3223905","glycan_xref_matrixdb","GAG_2"
"P01579-1","GAG_2","matrixdb:Heparan sulfate(short label)","CHEBI:28815","psi-mi:MI:0499(unspecified role)","psi-mi:MI:0499(unspecified role)","pubmed:7654188","","Glycosaminoglycan","MatrixDB","matrixdb:GAG_2","glycan_xref_matrixdb","GAG_2","glycan_xref_matrixdb","GAG_2"
"P01579-1","GAG_2","matrixdb:Heparan sulfate(short label)","CHEBI:28815","psi-mi:MI:0499(unspecified role)","psi-mi:MI:0499(unspecified role)","pubmed:7654188","","Glycosaminoglycan","MatrixDB","matrixdb:GAG_2","protein_xref_pubmed","7654188","glycan_xref_matrixdb","GAG_2"
"P02649-1","GAG_2","matrixdb:Heparan sulfate(short label)","CHEBI:28815","psi-mi:MI:0499(unspecified role)","psi-mi:MI:0499(unspecified role)","pubmed:10526164","","Glycosaminoglycan","MatrixDB","matrixdb:GAG_2","glycan_xref_matrixdb","GAG_2","glycan_xref_matrixdb","GAG_2"
"P02649-1","GAG_2","matrixdb:Heparan sulfate(short label)","CHEBI:28815","psi-mi:MI:0499(unspecified role)","psi-mi:MI:0499(unspecified role)","pubmed:10526164","","Glycosaminoglycan","MatrixDB","matrixdb:GAG_2","protein_xref_pubmed","10526164","glycan_xref_matrixdb","GAG_2"
"P02751-15","GAG_2","matrixdb:Heparan sulfate(short label)","CHEBI:28815","psi-mi:MI:0499(unspecified role)","psi-mi:MI:0499(unspecified role)","pubmed:2524477","","Glycosaminoglycan","MatrixDB","matrixdb:GAG_2","glycan_xref_matrixdb","GAG_2","glycan_xref_matrixdb","GAG_2"
"P02751-15","GAG_2","matrixdb:Heparan sulfate(short label)","CHEBI:28815","psi-mi:MI:0499(unspecified role)","psi-mi:MI:0499(unspecified role)","pubmed:2524477","","Glycosaminoglycan","MatrixDB","matrixdb:GAG_2","protein_xref_pubmed","2524477","glycan_xref_matrixdb","GAG_2"
"P02751-15","GAG_2","matrixdb:Heparan sulfate(short label)","CHEBI:28815","psi-mi:MI:0499(unspecified role)","psi-mi:MI:0499(unspecified role)","pubmed:8760376","","Glycosaminoglycan","MatrixDB","matrixdb:GAG_2","glycan_xref_matrixdb","GAG_2","glycan_xref_matrixdb","GAG_2"
"P02751-15","GAG_2","matrixdb:Heparan sulfate(short label)","CHEBI:28815","psi-mi:MI:0499(unspecified role)","psi-mi:MI:0499(unspecified role)","pubmed:8760376","","Glycosaminoglycan","MatrixDB","matrixdb:GAG_2","protein_xref_pubmed","8760376","glycan_xref_matrixdb","GAG_2"
"P02751-15","GAG_2","matrixdb:Heparan sulfate(short label)","CHEBI:28815","psi-mi:MI:0499(unspecified role)","psi-mi:MI:0499(unspecified role)","pubmed:11246004","","Glycosaminoglycan","MatrixDB","matrixdb:GAG_2","glycan_xref_matrixdb","GAG_2","glycan_xref_matrixdb","GAG_2"
"P02751-15","GAG_2","matrixdb:Heparan sulfate(short label)","CHEBI:28815","psi-mi:MI:0499(unspecified role)","psi-mi:MI:0499(unspecified role)","pubmed:11246004","","Glycosaminoglycan","MatrixDB","matrixdb:GAG_2","protein_xref_pubmed","11246004","glycan_xref_matrixdb","GAG_2"
"P02776-1","GAG_2","matrixdb:Heparan sulfate(short label)","CHEBI:28815","psi-mi:MI:0499(unspecified role)","psi-mi:MI:0499(unspecified role)","pubmed:9252363","","Glycosaminoglycan","MatrixDB","matrixdb:GAG_2","glycan_xref_matrixdb","GAG_2","glycan_xref_matrixdb","GAG_2"
"P02776-1","GAG_2","matrixdb:Heparan sulfate(short label)","CHEBI:28815","psi-mi:MI:0499(unspecified role)","psi-mi:MI:0499(unspecified role)","pubmed:9252363","","Glycosaminoglycan","MatrixDB","matrixdb:GAG_2","protein_xref_pubmed","9252363","glycan_xref_matrixdb","GAG_2"
"P03973-1","GAG_2","matrixdb:Heparan sulfate(short label)","CHEBI:28815","psi-mi:MI:0499(unspecified role)","psi-mi:MI:0499(unspecified role)","pubmed:9593692","","Glycosaminoglycan","MatrixDB","matrixdb:GAG_2","glycan_xref_matrixdb","GAG_2","glycan_xref_matrixdb","GAG_2"
"P03973-1","GAG_2","matrixdb:Heparan sulfate(short label)","CHEBI:28815","psi-mi:MI:0499(unspecified role)","psi-mi:MI:0499(unspecified role)","pubmed:9593692","","Glycosaminoglycan","MatrixDB","matrixdb:GAG_2","protein_xref_pubmed","9593692","glycan_xref_matrixdb","GAG_2"
"P04085-1","GAG_2","matrixdb:Heparan sulfate(short label)","CHEBI:28815","psi-mi:MI:0499(unspecified role)","psi-mi:MI:0499(unspecified role)","pubmed:9038157","","Glycosaminoglycan","MatrixDB","matrixdb:GAG_2","glycan_xref_matrixdb","GAG_2","glycan_xref_matrixdb","GAG_2"
"P04085-1","GAG_2","matrixdb:Heparan sulfate(short label)","CHEBI:28815","psi-mi:MI:0499(unspecified role)","psi-mi:MI:0499(unspecified role)","pubmed:9038157","","Glycosaminoglycan","MatrixDB","matrixdb:GAG_2","protein_xref_pubmed","9038157","glycan_xref_matrixdb","GAG_2"
"P05230-1","GAG_2","matrixdb:Heparan sulfate(short label)","CHEBI:28815","psi-mi:MI:0499(unspecified role)","psi-mi:MI:0499(unspecified role)","pubmed:9343372","","Glycosaminoglycan","MatrixDB","matrixdb:GAG_2","glycan_xref_matrixdb","GAG_2","glycan_xref_matrixdb","GAG_2"
"P05230-1","GAG_2","matrixdb:Heparan sulfate(short label)","CHEBI:28815","psi-mi:MI:0499(unspecified role)","psi-mi:MI:0499(unspecified role)","pubmed:9343372","","Glycosaminoglycan","MatrixDB","matrixdb:GAG_2","protein_xref_pubmed","9343372","glycan_xref_matrixdb","GAG_2"
"P07996-1","GAG_2","matrixdb:Heparan sulfate(short label)","CHEBI:28815","psi-mi:MI:0499(unspecified role)","psi-mi:MI:0499(unspecified role)","pubmed:10734084","","Glycosaminoglycan","MatrixDB","matrixdb:GAG_2","glycan_xref_matrixdb","GAG_2","glycan_xref_matrixdb","GAG_2"
"P07996-1","GAG_2","matrixdb:Heparan sulfate(short label)","CHEBI:28815","psi-mi:MI:0499(unspecified role)","psi-mi:MI:0499(unspecified role)","pubmed:10734084","","Glycosaminoglycan","MatrixDB","matrixdb:GAG_2","protein_xref_pubmed","10734084","glycan_xref_matrixdb","GAG_2"
"P07996-1","GAG_2","matrixdb:Heparan sulfate(short label)","CHEBI:28815","psi-mi:MI:0499(unspecified role)","psi-mi:MI:0499(unspecified role)","pubmed:19542224","","Glycosaminoglycan","PubMed","matrixdb:GAG_2","glycan_xref_matrixdb","GAG_2","glycan_xref_matrixdb","GAG_2"
"P07996-1","GAG_2","matrixdb:Heparan sulfate(short label)","CHEBI:28815","psi-mi:MI:0499(unspecified role)","psi-mi:MI:0499(unspecified role)","pubmed:19542224","","Glycosaminoglycan","PubMed","matrixdb:GAG_2","protein_xref_pubmed","19542224","glycan_xref_matrixdb","GAG_2"
"P08253-1","GAG_2","matrixdb:Heparan sulfate(short label)","CHEBI:28815","psi-mi:MI:0499(unspecified role)","psi-mi:MI:0499(unspecified role)","pubmed:9054449","","Glycosaminoglycan","MatrixDB","matrixdb:GAG_2","glycan_xref_matrixdb","GAG_2","glycan_xref_matrixdb","GAG_2"
"P08253-1","GAG_2","matrixdb:Heparan sulfate(short label)","CHEBI:28815","psi-mi:MI:0499(unspecified role)","psi-mi:MI:0499(unspecified role)","pubmed:9054449","","Glycosaminoglycan","MatrixDB","matrixdb:GAG_2","protein_xref_pubmed","9054449","glycan_xref_matrixdb","GAG_2"
"P08581-1","GAG_2","matrixdb:Heparan sulfate(short label)","CHEBI:28815","psi-mi:MI:0499(unspecified role)","psi-mi:MI:0499(unspecified role)","pubmed:11435444","","Glycosaminoglycan","MatrixDB","matrixdb:GAG_2","glycan_xref_matrixdb","GAG_2","glycan_xref_matrixdb","GAG_2"
"P08581-1","GAG_2","matrixdb:Heparan sulfate(short label)","CHEBI:28815","psi-mi:MI:0499(unspecified role)","psi-mi:MI:0499(unspecified role)","pubmed:11435444","","Glycosaminoglycan","MatrixDB","matrixdb:GAG_2","protein_xref_pubmed","11435444","glycan_xref_matrixdb","GAG_2"
"P09038-4","GAG_2","matrixdb:Heparan sulfate(short label)","CHEBI:28815","psi-mi:MI:0499(unspecified role)","psi-mi:MI:0499(unspecified role)","pubmed:1587820","","Glycosaminoglycan","MatrixDB","matrixdb:GAG_2","glycan_xref_matrixdb","GAG_2","glycan_xref_matrixdb","GAG_2"
"P09038-4","GAG_2","matrixdb:Heparan sulfate(short label)","CHEBI:28815","psi-mi:MI:0499(unspecified role)","psi-mi:MI:0499(unspecified role)","pubmed:1587820","","Glycosaminoglycan","MatrixDB","matrixdb:GAG_2","protein_xref_pubmed","1587820","glycan_xref_matrixdb","GAG_2"
"P10145-1","GAG_2","matrixdb:Heparan sulfate(short label)","CHEBI:28815","psi-mi:MI:0499(unspecified role)","psi-mi:MI:0499(unspecified role)","pubmed:9624135","","Glycosaminoglycan","MatrixDB","matrixdb:GAG_2","glycan_xref_matrixdb","GAG_2","glycan_xref_matrixdb","GAG_2"
"P10145-1","GAG_2","matrixdb:Heparan sulfate(short label)","CHEBI:28815","psi-mi:MI:0499(unspecified role)","psi-mi:MI:0499(unspecified role)","pubmed:9624135","","Glycosaminoglycan","MatrixDB","matrixdb:GAG_2","protein_xref_pubmed","9624135","glycan_xref_matrixdb","GAG_2"
"P14151-1","GAG_2","matrixdb:Heparan sulfate(short label)","CHEBI:28815","psi-mi:MI:0499(unspecified role)","psi-mi:MI:0499(unspecified role)","pubmed:9466983","","Glycosaminoglycan","PubMed","matrixdb:GAG_2","glycan_xref_matrixdb","GAG_2","glycan_xref_matrixdb","GAG_2"
"P14151-1","GAG_2","matrixdb:Heparan sulfate(short label)","CHEBI:28815","psi-mi:MI:0499(unspecified role)","psi-mi:MI:0499(unspecified role)","pubmed:9466983","","Glycosaminoglycan","PubMed","matrixdb:GAG_2","protein_xref_pubmed","9466983","glycan_xref_matrixdb","GAG_2"
"P14210-1","GAG_2","matrixdb:Heparan sulfate(short label)","CHEBI:28815","psi-mi:MI:0499(unspecified role)","psi-mi:MI:0499(unspecified role)","pubmed:8157651","","Glycosaminoglycan","MatrixDB","matrixdb:GAG_2","glycan_xref_matrixdb","GAG_2","glycan_xref_matrixdb","GAG_2"
"P14210-1","GAG_2","matrixdb:Heparan sulfate(short label)","CHEBI:28815","psi-mi:MI:0499(unspecified role)","psi-mi:MI:0499(unspecified role)","pubmed:8157651","","Glycosaminoglycan","MatrixDB","matrixdb:GAG_2","protein_xref_pubmed","8157651","glycan_xref_matrixdb","GAG_2"
"P15502-3","GAG_2","matrixdb:Heparan sulfate(short label)","CHEBI:28815","psi-mi:MI:0499(unspecified role)","psi-mi:MI:0499(unspecified role)","pubmed:15748998","","Glycosaminoglycan","MatrixDB","matrixdb:GAG_2","glycan_xref_matrixdb","GAG_2","glycan_xref_matrixdb","GAG_2"
"P15502-3","GAG_2","matrixdb:Heparan sulfate(short label)","CHEBI:28815","psi-mi:MI:0499(unspecified role)","psi-mi:MI:0499(unspecified role)","pubmed:15748998","","Glycosaminoglycan","MatrixDB","matrixdb:GAG_2","protein_xref_pubmed","15748998","glycan_xref_matrixdb","GAG_2"
"P15692-13","GAG_2","matrixdb:Heparan sulfate(short label)","CHEBI:28815","psi-mi:MI:0499(unspecified role)","psi-mi:MI:0499(unspecified role)","pubmed:16258170","","Glycosaminoglycan","MatrixDB","matrixdb:GAG_2","glycan_xref_matrixdb","GAG_2","glycan_xref_matrixdb","GAG_2"
"P15692-13","GAG_2","matrixdb:Heparan sulfate(short label)","CHEBI:28815","psi-mi:MI:0499(unspecified role)","psi-mi:MI:0499(unspecified role)","pubmed:16258170","","Glycosaminoglycan","MatrixDB","matrixdb:GAG_2","protein_xref_pubmed","16258170","glycan_xref_matrixdb","GAG_2"
"P16109-1","GAG_2","matrixdb:Heparan sulfate(short label)","CHEBI:28815","psi-mi:MI:0499(unspecified role)","psi-mi:MI:0499(unspecified role)","pubmed:9466983","","Glycosaminoglycan","PubMed","matrixdb:GAG_2","glycan_xref_matrixdb","GAG_2","glycan_xref_matrixdb","GAG_2"
"P16109-1","GAG_2","matrixdb:Heparan sulfate(short label)","CHEBI:28815","psi-mi:MI:0499(unspecified role)","psi-mi:MI:0499(unspecified role)","pubmed:9466983","","Glycosaminoglycan","PubMed","matrixdb:GAG_2","protein_xref_pubmed","9466983","glycan_xref_matrixdb","GAG_2"
"P21980-1","GAG_2","matrixdb:Heparan sulfate(short label)","CHEBI:28815","psi-mi:MI:0499(unspecified role)","psi-mi:MI:0499(unspecified role)","pubmed:19542224","","Glycosaminoglycan","PubMed","matrixdb:GAG_2","glycan_xref_matrixdb","GAG_2","glycan_xref_matrixdb","GAG_2"
"P21980-1","GAG_2","matrixdb:Heparan sulfate(short label)","CHEBI:28815","psi-mi:MI:0499(unspecified role)","psi-mi:MI:0499(unspecified role)","pubmed:19542224","","Glycosaminoglycan","PubMed","matrixdb:GAG_2","protein_xref_pubmed","19542224","glycan_xref_matrixdb","GAG_2"
"P22455-1","GAG_2","matrixdb:Heparan sulfate(short label)","CHEBI:28815","psi-mi:MI:0499(unspecified role)","psi-mi:MI:0499(unspecified role)","pubmed:11278860","","Glycosaminoglycan","MatrixDB","matrixdb:GAG_2","glycan_xref_matrixdb","GAG_2","glycan_xref_matrixdb","GAG_2"
"P22455-1","GAG_2","matrixdb:Heparan sulfate(short label)","CHEBI:28815","psi-mi:MI:0499(unspecified role)","psi-mi:MI:0499(unspecified role)","pubmed:11278860","","Glycosaminoglycan","MatrixDB","matrixdb:GAG_2","protein_xref_pubmed","11278860","glycan_xref_matrixdb","GAG_2"
"Q9Y215-1","GAG_2","matrixdb:Heparan sulfate(short label)","CHEBI:28815","psi-mi:MI:0499(unspecified role)","psi-mi:MI:0499(unspecified role)","pubmed:3161900","","Glycosaminoglycan","MatrixDB","matrixdb:GAG_2","glycan_xref_matrixdb","GAG_2","glycan_xref_matrixdb","GAG_2"
"Q9Y215-1","GAG_2","matrixdb:Heparan sulfate(short label)","CHEBI:28815","psi-mi:MI:0499(unspecified role)","psi-mi:MI:0499(unspecified role)","pubmed:3161900","","Glycosaminoglycan","MatrixDB","matrixdb:GAG_2","protein_xref_pubmed","3161900","glycan_xref_matrixdb","GAG_2"
"Q15113-1","GAG_2","matrixdb:Heparan sulfate(short label)","CHEBI:28815","psi-mi:MI:0499(unspecified role)","psi-mi:MI:0499(unspecified role)","pubmed:24117177","","Glycosaminoglycan","PubMed","matrixdb:GAG_2","glycan_xref_matrixdb","GAG_2","glycan_xref_matrixdb","GAG_2"
"Q15113-1","GAG_2","matrixdb:Heparan sulfate(short label)","CHEBI:28815","psi-mi:MI:0499(unspecified role)","psi-mi:MI:0499(unspecified role)","pubmed:24117177","","Glycosaminoglycan","PubMed","matrixdb:GAG_2","protein_xref_pubmed","24117177","glycan_xref_matrixdb","GAG_2"
"Q15113-1","GAG_2","","CHEBI:28815","psi-mi:MI:0499(unspecified role)","psi-mi:MI:0499(unspecified role)","imex:IM-21580","","Glycosaminoglycan","PubMed","matrixdb:GAG_2","glycan_xref_matrixdb","GAG_2","glycan_xref_matrixdb","GAG_2"
"P00441-1","GAG_3","matrixdb:Dermatan Sulfate(short label)","CHEBI:18376","psi-mi:MI:0499(unspecified role)","psi-mi:MI:0499(unspecified role)","pubmed:3223905","","Glycosaminoglycan","MatrixDB","matrixdb:GAG_3","glycan_xref_matrixdb","GAG_3","glycan_xref_matrixdb","GAG_3"
"P00441-1","GAG_3","matrixdb:Dermatan Sulfate(short label)","CHEBI:18376","psi-mi:MI:0499(unspecified role)","psi-mi:MI:0499(unspecified role)","pubmed:3223905","","Glycosaminoglycan","MatrixDB","matrixdb:GAG_3","protein_xref_pubmed","3223905","glycan_xref_matrixdb","GAG_3"
"P02649-1","GAG_3","matrixdb:Dermatan Sulfate(short label)","CHEBI:18376","psi-mi:MI:0499(unspecified role)","psi-mi:MI:0499(unspecified role)","pubmed:10526164","","Glycosaminoglycan","MatrixDB","matrixdb:GAG_3","glycan_xref_matrixdb","GAG_3","glycan_xref_matrixdb","GAG_3"
"P02649-1","GAG_3","matrixdb:Dermatan Sulfate(short label)","CHEBI:18376","psi-mi:MI:0499(unspecified role)","psi-mi:MI:0499(unspecified role)","pubmed:10526164","","Glycosaminoglycan","MatrixDB","matrixdb:GAG_3","protein_xref_pubmed","10526164","glycan_xref_matrixdb","GAG_3"
"P03973-1","GAG_3","matrixdb:Dermatan Sulfate(short label)","CHEBI:18376","psi-mi:MI:0499(unspecified role)","psi-mi:MI:0499(unspecified role)","pubmed:9593692","","Glycosaminoglycan","MatrixDB","matrixdb:GAG_3","glycan_xref_matrixdb","GAG_3","glycan_xref_matrixdb","GAG_3"
"P03973-1","GAG_3","matrixdb:Dermatan Sulfate(short label)","CHEBI:18376","psi-mi:MI:0499(unspecified role)","psi-mi:MI:0499(unspecified role)","pubmed:9593692","","Glycosaminoglycan","MatrixDB","matrixdb:GAG_3","protein_xref_pubmed","9593692","glycan_xref_matrixdb","GAG_3"
"P07996-1","GAG_3","matrixdb:Dermatan Sulfate(short label)","CHEBI:18376","psi-mi:MI:0499(unspecified role)","psi-mi:MI:0499(unspecified role)","pubmed:19542224","","Glycosaminoglycan","PubMed","matrixdb:GAG_3","glycan_xref_matrixdb","GAG_3","glycan_xref_matrixdb","GAG_3"
"P07996-1","GAG_3","matrixdb:Dermatan Sulfate(short label)","CHEBI:18376","psi-mi:MI:0499(unspecified role)","psi-mi:MI:0499(unspecified role)","pubmed:19542224","","Glycosaminoglycan","PubMed","matrixdb:GAG_3","protein_xref_pubmed","19542224","glycan_xref_matrixdb","GAG_3"
"Q15113-1","GAG_3","matrixdb:Dermatan Sulfate(short label)","CHEBI:18376","psi-mi:MI:0499(unspecified role)","psi-mi:MI:0499(unspecified role)","pubmed:24117177","","Glycosaminoglycan","PubMed","matrixdb:GAG_3","glycan_xref_matrixdb","GAG_3","glycan_xref_matrixdb","GAG_3"
"Q15113-1","GAG_3","matrixdb:Dermatan Sulfate(short label)","CHEBI:18376","psi-mi:MI:0499(unspecified role)","psi-mi:MI:0499(unspecified role)","pubmed:24117177","","Glycosaminoglycan","PubMed","matrixdb:GAG_3","protein_xref_pubmed","24117177","glycan_xref_matrixdb","GAG_3"
"Q15113-1","GAG_3","","CHEBI:18376","psi-mi:MI:0499(unspecified role)","psi-mi:MI:0499(unspecified role)","imex:IM-21580","","Glycosaminoglycan","PubMed","matrixdb:GAG_3","glycan_xref_matrixdb","GAG_3","glycan_xref_matrixdb","GAG_3"
"P00441-1","GAG_4","matrixdb:Chondroitin Sulfate A(short label)","CHEBI:18250","psi-mi:MI:0499(unspecified role)","psi-mi:MI:0499(unspecified role)","pubmed:3223905","G19059PI","Glycosaminoglycan","MatrixDB","matrixdb:GAG_4","glycan_xref_matrixdb","GAG_4","glycan_xref_matrixdb","GAG_4"
"P00441-1","GAG_4","matrixdb:Chondroitin Sulfate A(short label)","CHEBI:18250","psi-mi:MI:0499(unspecified role)","psi-mi:MI:0499(unspecified role)","pubmed:3223905","G19059PI","Glycosaminoglycan","MatrixDB","matrixdb:GAG_4","protein_xref_pubmed","3223905","glycan_xref_matrixdb","GAG_4"
"P02649-1","GAG_4","matrixdb:Chondroitin Sulfate A(short label)","CHEBI:18250","psi-mi:MI:0499(unspecified role)","psi-mi:MI:0499(unspecified role)","pubmed:10526164","G19059PI","Glycosaminoglycan","MatrixDB","matrixdb:GAG_4","glycan_xref_matrixdb","GAG_4","glycan_xref_matrixdb","GAG_4"
"P02649-1","GAG_4","matrixdb:Chondroitin Sulfate A(short label)","CHEBI:18250","psi-mi:MI:0499(unspecified role)","psi-mi:MI:0499(unspecified role)","pubmed:10526164","G19059PI","Glycosaminoglycan","MatrixDB","matrixdb:GAG_4","protein_xref_pubmed","10526164","glycan_xref_matrixdb","GAG_4"
"P07996-1","GAG_4","matrixdb:Chondroitin Sulfate A(short label)","CHEBI:18250","psi-mi:MI:0499(unspecified role)","psi-mi:MI:0499(unspecified role)","pubmed:19542224","G19059PI","Glycosaminoglycan","PubMed","matrixdb:GAG_4","glycan_xref_matrixdb","GAG_4","glycan_xref_matrixdb","GAG_4"
"P07996-1","GAG_4","matrixdb:Chondroitin Sulfate A(short label)","CHEBI:18250","psi-mi:MI:0499(unspecified role)","psi-mi:MI:0499(unspecified role)","pubmed:19542224","G19059PI","Glycosaminoglycan","PubMed","matrixdb:GAG_4","protein_xref_pubmed","19542224","glycan_xref_matrixdb","GAG_4"
"P14210-1","GAG_4","matrixdb:Chondroitin Sulfate A(short label)","CHEBI:18250","psi-mi:MI:0499(unspecified role)","psi-mi:MI:0499(unspecified role)","pubmed:8780385","G19059PI","Glycosaminoglycan","MatrixDB","matrixdb:GAG_4","glycan_xref_matrixdb","GAG_4","glycan_xref_matrixdb","GAG_4"
"P14210-1","GAG_4","matrixdb:Chondroitin Sulfate A(short label)","CHEBI:18250","psi-mi:MI:0499(unspecified role)","psi-mi:MI:0499(unspecified role)","pubmed:8780385","G19059PI","Glycosaminoglycan","MatrixDB","matrixdb:GAG_4","protein_xref_pubmed","8780385","glycan_xref_matrixdb","GAG_4"
"P14210-1","GAG_4","","CHEBI:18250","psi-mi:MI:0499(unspecified role)","psi-mi:MI:0499(unspecified role)","imex:IM-16040","","Glycosaminoglycan","MatrixDB","matrixdb:GAG_4","glycan_xref_matrixdb","GAG_4","glycan_xref_matrixdb","GAG_4"
"Q15113-1","GAG_4","matrixdb:Chondroitin Sulfate A(short label)","CHEBI:18250","psi-mi:MI:0499(unspecified role)","psi-mi:MI:0499(unspecified role)","pubmed:24117177","G19059PI","Glycosaminoglycan","PubMed","matrixdb:GAG_4","glycan_xref_matrixdb","GAG_4","glycan_xref_matrixdb","GAG_4"
"Q15113-1","GAG_4","matrixdb:Chondroitin Sulfate A(short label)","CHEBI:18250","psi-mi:MI:0499(unspecified role)","psi-mi:MI:0499(unspecified role)","pubmed:24117177","G19059PI","Glycosaminoglycan","PubMed","matrixdb:GAG_4","protein_xref_pubmed","24117177","glycan_xref_matrixdb","GAG_4"
"Q15113-1","GAG_4","","CHEBI:18250","psi-mi:MI:0499(unspecified role)","psi-mi:MI:0499(unspecified role)","imex:IM-21580","","Glycosaminoglycan","PubMed","matrixdb:GAG_4","glycan_xref_matrixdb","GAG_4","glycan_xref_matrixdb","GAG_4"
"P09038-4","GAG_6","matrixdb:Chondroitin Sulfate D(short label)","CHEBI:37397","psi-mi:MI:0499(unspecified role)","psi-mi:MI:0499(unspecified role)","pubmed:24447999","G46732TY","Glycosaminoglycan","PubMed","matrixdb:GAG_6","glycan_xref_matrixdb","GAG_6","glycan_xref_matrixdb","GAG_6"
"P09038-4","GAG_6","matrixdb:Chondroitin Sulfate D(short label)","CHEBI:37397","psi-mi:MI:0499(unspecified role)","psi-mi:MI:0499(unspecified role)","pubmed:24447999","G46732TY","Glycosaminoglycan","PubMed","matrixdb:GAG_6","protein_xref_pubmed","24447999","glycan_xref_matrixdb","GAG_6"
"P09038-4","GAG_6","","CHEBI:37397","psi-mi:MI:0499(unspecified role)","psi-mi:MI:0499(unspecified role)","imex:IM-22964","","Glycosaminoglycan","PubMed","matrixdb:GAG_6","glycan_xref_matrixdb","GAG_6","glycan_xref_matrixdb","GAG_6"
"P12111-1","GAG_9","matrixdb:Hyaluronan(short label)","CHEBI:16336","psi-mi:MI:0499(unspecified role)","psi-mi:MI:0499(unspecified role)","pubmed:1425570","G16235VG","Glycosaminoglycan","MatrixDB","matrixdb:GAG_9","glycan_xref_matrixdb","GAG_9","glycan_xref_matrixdb","GAG_9"
"P12111-1","GAG_9","matrixdb:Hyaluronan(short label)","CHEBI:16336","psi-mi:MI:0499(unspecified role)","psi-mi:MI:0499(unspecified role)","pubmed:1425570","G16235VG","Glycosaminoglycan","MatrixDB","matrixdb:GAG_9","protein_xref_pubmed","1425570","glycan_xref_matrixdb","GAG_9"
"P13611-1","GAG_9","matrixdb:Hyaluronan(short label)","CHEBI:16336","psi-mi:MI:0499(unspecified role)","psi-mi:MI:0499(unspecified role)","pubmed:15980072","G16235VG","Glycosaminoglycan","MatrixDB","matrixdb:GAG_9","glycan_xref_matrixdb","GAG_9","glycan_xref_matrixdb","GAG_9"
"P13611-1","GAG_9","matrixdb:Hyaluronan(short label)","CHEBI:16336","psi-mi:MI:0499(unspecified role)","psi-mi:MI:0499(unspecified role)","pubmed:15980072","G16235VG","Glycosaminoglycan","MatrixDB","matrixdb:GAG_9","protein_xref_pubmed","15980072","glycan_xref_matrixdb","GAG_9"
"P38567-1","GAG_9","matrixdb:Hyaluronan(short label)","CHEBI:16336","psi-mi:MI:0502(enzyme target)","psi-mi:MI:0501(enzyme)","pubmed:22142621","G16235VG","Glycosaminoglycan","MatrixDB","matrixdb:GAG_9","glycan_xref_matrixdb","GAG_9","glycan_xref_matrixdb","GAG_9"
"P38567-1","GAG_9","matrixdb:Hyaluronan(short label)","CHEBI:16336","psi-mi:MI:0502(enzyme target)","psi-mi:MI:0501(enzyme)","pubmed:22142621","G16235VG","Glycosaminoglycan","MatrixDB","matrixdb:GAG_9","protein_xref_pubmed","22142621","glycan_xref_matrixdb","GAG_9"
"P38567-1","GAG_9","matrixdb:Hyaluronan(short label)","CHEBI:16336","psi-mi:MI:0502(enzyme target)","psi-mi:MI:0501(enzyme)","pubmed:22142621","G16235VG","Glycosaminoglycan","PubMed","matrixdb:GAG_9","glycan_xref_matrixdb","GAG_9","glycan_xref_matrixdb","GAG_9"
"P38567-1","GAG_9","matrixdb:Hyaluronan(short label)","CHEBI:16336","psi-mi:MI:0502(enzyme target)","psi-mi:MI:0501(enzyme)","pubmed:22142621","G16235VG","Glycosaminoglycan","PubMed","matrixdb:GAG_9","protein_xref_pubmed","22142621","glycan_xref_matrixdb","GAG_9"
"P98066-1","GAG_9","matrixdb:Hyaluronan(short label)","CHEBI:16336","psi-mi:MI:0499(unspecified role)","psi-mi:MI:0499(unspecified role)","pubmed:15183770","G16235VG","Glycosaminoglycan","MatrixDB","matrixdb:GAG_9","glycan_xref_matrixdb","GAG_9","glycan_xref_matrixdb","GAG_9"
"P98066-1","GAG_9","matrixdb:Hyaluronan(short label)","CHEBI:16336","psi-mi:MI:0499(unspecified role)","psi-mi:MI:0499(unspecified role)","pubmed:15183770","G16235VG","Glycosaminoglycan","MatrixDB","matrixdb:GAG_9","protein_xref_pubmed","15183770","glycan_xref_matrixdb","GAG_9"
"Q9BZV3-1","GAG_9","matrixdb:Hyaluronan(short label)","CHEBI:16336","psi-mi:MI:0499(unspecified role)","psi-mi:MI:0499(unspecified role)","pubmed:15044457","G16235VG","Glycosaminoglycan","MatrixDB","matrixdb:GAG_9","glycan_xref_matrixdb","GAG_9","glycan_xref_matrixdb","GAG_9"
"Q9BZV3-1","GAG_9","matrixdb:Hyaluronan(short label)","CHEBI:16336","psi-mi:MI:0499(unspecified role)","psi-mi:MI:0499(unspecified role)","pubmed:15044457","G16235VG","Glycosaminoglycan","MatrixDB","matrixdb:GAG_9","protein_xref_pubmed","15044457","glycan_xref_matrixdb","GAG_9"
"Q96GW7-1","GAG_9","matrixdb:Hyaluronan(short label)","CHEBI:16336","psi-mi:MI:0499(unspecified role)","psi-mi:MI:0499(unspecified role)","pubmed:19576282","G16235VG","Glycosaminoglycan","MatrixDB","matrixdb:GAG_9","glycan_xref_matrixdb","GAG_9","glycan_xref_matrixdb","GAG_9"
"Q96GW7-1","GAG_9","matrixdb:Hyaluronan(short label)","CHEBI:16336","psi-mi:MI:0499(unspecified role)","psi-mi:MI:0499(unspecified role)","pubmed:19576282","G16235VG","Glycosaminoglycan","MatrixDB","matrixdb:GAG_9","protein_xref_pubmed","19576282","glycan_xref_matrixdb","GAG_9"
"Q96GW7-1","GAG_9","","CHEBI:16336","psi-mi:MI:0499(unspecified role)","psi-mi:MI:0499(unspecified role)","imex:IM-14084","","Glycosaminoglycan","MatrixDB","matrixdb:GAG_9","glycan_xref_matrixdb","GAG_9","glycan_xref_matrixdb","GAG_9"
"Q15113-1","GAG_9","matrixdb:Hyaluronan(short label)","CHEBI:16336","psi-mi:MI:0499(unspecified role)","psi-mi:MI:0499(unspecified role)","pubmed:24117177","G16235VG","Glycosaminoglycan","PubMed","matrixdb:GAG_9","glycan_xref_matrixdb","GAG_9","glycan_xref_matrixdb","GAG_9"
"Q15113-1","GAG_9","matrixdb:Hyaluronan(short label)","CHEBI:16336","psi-mi:MI:0499(unspecified role)","psi-mi:MI:0499(unspecified role)","pubmed:24117177","G16235VG","Glycosaminoglycan","PubMed","matrixdb:GAG_9","protein_xref_pubmed","24117177","glycan_xref_matrixdb","GAG_9"
"Q15113-1","GAG_9","","CHEBI:16336","psi-mi:MI:0499(unspecified role)","psi-mi:MI:0499(unspecified role)","imex:IM-21580","","Glycosaminoglycan","PubMed","matrixdb:GAG_9","glycan_xref_matrixdb","GAG_9","glycan_xref_matrixdb","GAG_9"
