"uniprotkb_canonical_ac","xref_key","xref_id","xref_label"
"Q99519-1","protein_xref_cazy","GH33","Glycoside Hydrolase Family 33"
"Q9H7J1-1","protein_xref_cazy","CBM21","Carbohydrate-Binding Module Family 21"
"Q9Y644-1","protein_xref_cazy","GT31","Glycosyltransferase Family 31"
"Q6UWU2-1","protein_xref_cazy","GH35","Glycoside Hydrolase Family 35"
"Q3V5L5-1","protein_xref_cazy","GT18","Glycosyltransferase Family 18"
"Q9UEF7-1","protein_xref_cazy","GH1","Glycoside Hydrolase Family 1"
"P61626-1","protein_xref_cazy","GH22","Glycoside Hydrolase Family 22"
"Q12794-1","protein_xref_cazy","GH56","Glycoside Hydrolase Family 56"
"P22310-1","protein_xref_cazy","GT1","Glycosyltransferase Family 1"
"O60656-1","protein_xref_cazy","GT1","Glycosyltransferase Family 1"
"Q7Z4W2-1","protein_xref_cazy","GH22","Glycoside Hydrolase Family 22"
"Q09327-1","protein_xref_cazy","GT17","Glycosyltransferase Family 17"
"Q09328-1","protein_xref_cazy","GT18","Glycosyltransferase Family 18"
"Q8IW92-1","protein_xref_cazy","GH35","Glycoside Hydrolase Family 35"
"Q9P109-1","protein_xref_cazy","GT14","Glycosyltransferase Family 14"
"Q2TAA5-1","protein_xref_cazy","GT4","Glycosyltransferase Family 4"
"Q96QH8-1","protein_xref_cazy","GH22","Glycoside Hydrolase Family 22"
"O75951-1","protein_xref_cazy","GH22","Glycoside Hydrolase Family 22"
"Q9HCG7-1","protein_xref_cazy","GH116","Glycoside Hydrolase Family 116"
"Q92611-1","protein_xref_cazy","GH47","Glycoside Hydrolase Family 47"
"Q6P4F1-1","protein_xref_cazy","GT10","Glycosyltransferase Family 10"
"Q8NFI3-1","protein_xref_cazy","GH85","Glycoside Hydrolase Family 85"
"O60909-1","protein_xref_cazy","GT7","Glycosyltransferase Family 7"
"A0PJZ3-1","protein_xref_cazy","GT8","Glycosyltransferase Family 8"
"Q9Y6A1-1","protein_xref_cazy","GT39","Glycosyltransferase Family 39"
"Q8IXA5-1","protein_xref_cazy","GH22","Glycoside Hydrolase Family 22"
"Q6UW63-1","protein_xref_cazy","GT90","Glycosyltransferase Family 90"
"Q14435-1","protein_xref_cazy","CBM13","Carbohydrate-Binding Module Family 13"
"Q14435-1","protein_xref_cazy","GT27","Glycosyltransferase Family 27"
"P04746-1","protein_xref_cazy","GH13","Glycoside Hydrolase Family 13"
"Q96MS3-1","protein_xref_cazy","GT4","Glycosyltransferase Family 4"
"Q9Y2C3-1","protein_xref_cazy","GT31","Glycosyltransferase Family 31"
"P08236-1","protein_xref_cazy","GH2","Glycoside Hydrolase Family 2"
"Q9Y4K1-3","protein_xref_cazy","CBM13","Carbohydrate-Binding Module Family 13"
"P54840-1","protein_xref_cazy","GT3","Glycosyltransferase Family 3"
"O15466-1","protein_xref_cazy","GT29","Glycosyltransferase Family 29"
"Q9H227-1","protein_xref_cazy","GH1","Glycoside Hydrolase Family 1"
"Q16842-1","protein_xref_cazy","GT29","Glycosyltransferase Family 29"
"Q9H4F1-1","protein_xref_cazy","GT29","Glycosyltransferase Family 29"
"Q92187-1","protein_xref_cazy","GT29","Glycosyltransferase Family 29"
"Q92186-1","protein_xref_cazy","GT29","Glycosyltransferase Family 29"
"Q92185-1","protein_xref_cazy","GT29","Glycosyltransferase Family 29"
"Q9NSC7-1","protein_xref_cazy","GT29","Glycosyltransferase Family 29"
"O15294-1","protein_xref_cazy","GT41","Glycosyltransferase Family 41"
"Q9BYC5-1","protein_xref_cazy","GT23","Glycosyltransferase Family 23"
"Q02742-1","protein_xref_cazy","GT14","Glycosyltransferase Family 14"
"Q8NBL1-1","protein_xref_cazy","GT90","Glycosyltransferase Family 90"
"P19526-1","protein_xref_cazy","GT11","Glycosyltransferase Family 11"
"Q8N6G5-1","protein_xref_cazy","GT7","Glycosyltransferase Family 7"
"Q9Y478-1","protein_xref_cazy","CBM48","Carbohydrate-Binding Module Family 48"
"Q3SY77-1","protein_xref_cazy","GT1","Glycosyltransferase Family 1"
"Q8IXK2-1","protein_xref_cazy","CBM13","Carbohydrate-Binding Module Family 13"
"Q8IXK2-1","protein_xref_cazy","GT27","Glycosyltransferase Family 27"
"Q8IZ52-1","protein_xref_cazy","GT31","Glycosyltransferase Family 31"
"Q8IZ52-1","protein_xref_cazy","GT7","Glycosyltransferase Family 7"
"Q93063-1","protein_xref_cazy","GT47","Glycosyltransferase Family 47"
"Q93063-1","protein_xref_cazy","GT64","Glycosyltransferase Family 64"
"Q9BT22-1","protein_xref_cazy","GT33","Glycosyltransferase Family 33"
"Q96KX0-1","protein_xref_cazy","GH22","Glycoside Hydrolase Family 22"
"Q8WZA1-1","protein_xref_cazy","GT13","Glycosyltransferase Family 13"
"O15488-1","protein_xref_cazy","GT8","Glycosyltransferase Family 8"
"O95210-1","protein_xref_cazy","CBM20","Carbohydrate-Binding Module Family 20"
"Q8TCJ2-1","protein_xref_cazy","GT66","Glycosyltransferase Family 66"
"Q15782-4","protein_xref_cazy","GH18","Glycoside Hydrolase Family 18"
"O43741-1","protein_xref_cazy","CBM48","Carbohydrate-Binding Module Family 48"
"P35504-1","protein_xref_cazy","GT1","Glycosyltransferase Family 1"
"P35503-1","protein_xref_cazy","GT1","Glycosyltransferase Family 1"
"Q9UNP4-1","protein_xref_cazy","GT29","Glycosyltransferase Family 29"
"Q8N0V5-1","protein_xref_cazy","GT14","Glycosyltransferase Family 14"
"Q9Y5Z6-1","protein_xref_cazy","GT31","Glycosyltransferase Family 31"
"P54855-1","protein_xref_cazy","GT1","Glycosyltransferase Family 1"
"P14410-1","protein_xref_cazy","GH31","Glycoside Hydrolase Family 31"
"Q92935-1","protein_xref_cazy","GT47","Glycosyltransferase Family 47"
"Q92935-1","protein_xref_cazy","GT64","Glycosyltransferase Family 64"
"P15907-1","protein_xref_cazy","GT29","Glycosyltransferase Family 29"
"O43286-1","protein_xref_cazy","GT7","Glycosyltransferase Family 7"
"O43280-1","protein_xref_cazy","GH37","Glycoside Hydrolase Family 37"
"Q9BZQ6-1","protein_xref_cazy","GH47","Glycoside Hydrolase Family 47"
"Q9BVK2-1","protein_xref_cazy","GT57","Glycosyltransferase Family 57"
"Q70JA7-1","protein_xref_cazy","GT31","Glycosyltransferase Family 31"
"Q70JA7-1","protein_xref_cazy","GT7","Glycosyltransferase Family 7"
"Q9UBQ6-1","protein_xref_cazy","GT64","Glycosyltransferase Family 64"
"O96024-1","protein_xref_cazy","GT31","Glycosyltransferase Family 31"
"Q16880-1","protein_xref_cazy","GT1","Glycosyltransferase Family 1"
"Q9P2W7-1","protein_xref_cazy","GT43","Glycosyltransferase Family 43"
"Q6UWM7-1","protein_xref_cazy","GH1","Glycoside Hydrolase Family 1"
"Q6UWM9-1","protein_xref_cazy","GT1","Glycosyltransferase Family 1"
"Q9NY28-1","protein_xref_cazy","CBM13","Carbohydrate-Binding Module Family 13"
"Q9NY28-1","protein_xref_cazy","GT27","Glycosyltransferase Family 27"
"Q7Z4J2-1","protein_xref_cazy","GT6","Glycosyltransferase Family 6"
"Q9H553-1","protein_xref_cazy","GT4","Glycosyltransferase Family 4"
"Q92521-1","protein_xref_cazy","GT22","Glycosyltransferase Family 22"
"Q6IS24-1","protein_xref_cazy","CBM13","Carbohydrate-Binding Module Family 13"
"Q6IS24-1","protein_xref_cazy","GT27","Glycosyltransferase Family 27"
"O00587-1","protein_xref_cazy","GT31","Glycosyltransferase Family 31"
"P51993-1","protein_xref_cazy","GT10","Glycosyltransferase Family 10"
"P04066-1","protein_xref_cazy","GH29","Glycoside Hydrolase Family 29"
"Q5VSG8-1","protein_xref_cazy","GH99","Glycoside Hydrolase Family 99"
"O43173-1","protein_xref_cazy","GT29","Glycosyltransferase Family 29"
"Q86Z14-1","protein_xref_cazy","GH1","Glycoside Hydrolase Family 1"
"Q96FL9-1","protein_xref_cazy","CBM13","Carbohydrate-Binding Module Family 13"
"Q96FL9-1","protein_xref_cazy","GT27","Glycosyltransferase Family 27"
"Q9BTY2-1","protein_xref_cazy","GH29","Glycoside Hydrolase Family 29"
"P46976-1","protein_xref_cazy","GT8","Glycosyltransferase Family 8"
"P46977-1","protein_xref_cazy","GT66","Glycosyltransferase Family 66"
"P26572-1","protein_xref_cazy","GT13","Glycosyltransferase Family 13"
"Q6Y288-1","protein_xref_cazy","GT31","Glycosyltransferase Family 31"
"Q9C0J1-1","protein_xref_cazy","GT31","Glycosyltransferase Family 31"
"Q07837-1","protein_xref_cazy","GH13","Glycoside Hydrolase Family 13"
"P36222-1","protein_xref_cazy","GH18","Glycoside Hydrolase Family 18"
"P06133-1","protein_xref_cazy","GT1","Glycosyltransferase Family 1"
"Q9Y3R4-1","protein_xref_cazy","GH33","Glycoside Hydrolase Family 33"
"P13807-1","protein_xref_cazy","GT3","Glycosyltransferase Family 3"
"P37287-1","protein_xref_cazy","GT4","Glycosyltransferase Family 4"
"Q9HAW8-1","protein_xref_cazy","GT1","Glycosyltransferase Family 1"
"Q9HAW9-1","protein_xref_cazy","GT1","Glycosyltransferase Family 1"
"Q9HAW7-1","protein_xref_cazy","GT1","Glycosyltransferase Family 1"
"O94766-1","protein_xref_cazy","GT43","Glycosyltransferase Family 43"
"Q9Y2A9-1","protein_xref_cazy","GT31","Glycosyltransferase Family 31"
"Q9UBM8-1","protein_xref_cazy","GT54","Glycosyltransferase Family 54"
"Q6UWQ5-1","protein_xref_cazy","GH22","Glycoside Hydrolase Family 22"
"P21217-1","protein_xref_cazy","GT10","Glycosyltransferase Family 10"
"Q9BV10-1","protein_xref_cazy","GT22","Glycosyltransferase Family 22"
"Q2M2H8-1","protein_xref_cazy","GH31","Glycoside Hydrolase Family 31"
"O43820-1","protein_xref_cazy","GH56","Glycoside Hydrolase Family 56"
"O43825-1","protein_xref_cazy","GT31","Glycosyltransferase Family 31"
"Q8N4A0-1","protein_xref_cazy","CBM13","Carbohydrate-Binding Module Family 13"
"Q8N4A0-1","protein_xref_cazy","GT27","Glycosyltransferase Family 27"
"Q92685-1","protein_xref_cazy","GT58","Glycosyltransferase Family 58"
"Q16706-1","protein_xref_cazy","GH38","Glycoside Hydrolase Family 38"
"Q969X2-1","protein_xref_cazy","GT29","Glycosyltransferase Family 29"
"Q9UKY4-1","protein_xref_cazy","GT39","Glycosyltransferase Family 39"
"Q11130-1","protein_xref_cazy","GT10","Glycosyltransferase Family 10"
"Q8IUC8-1","protein_xref_cazy","CBM13","Carbohydrate-Binding Module Family 13"
"Q8IUC8-1","protein_xref_cazy","GT27","Glycosyltransferase Family 27"
"Q9P2E5-1","protein_xref_cazy","GT31","Glycosyltransferase Family 31"
"Q9P2E5-1","protein_xref_cazy","GT7","Glycosyltransferase Family 7"
"P09848-1","protein_xref_cazy","GH1","Glycoside Hydrolase Family 1"
"P15291-1","protein_xref_cazy","GT7","Glycosyltransferase Family 7"
"Q8NCL4-1","protein_xref_cazy","CBM13","Carbohydrate-Binding Module Family 13"
"Q8NCL4-1","protein_xref_cazy","GT27","Glycosyltransferase Family 27"
"Q68DQ2-3","protein_xref_cazy","CBM13","Carbohydrate-Binding Module Family 13"
"Q6ZPD9-1","protein_xref_cazy","GT98","Glycosyltransferase Family 98"
"P35475-1","protein_xref_cazy","GH39","Glycoside Hydrolase Family 39"
"P06280-1","protein_xref_cazy","GH27","Glycoside Hydrolase Family 27"
"P54803-1","protein_xref_cazy","GH59","Glycoside Hydrolase Family 59"
"P54802-1","protein_xref_cazy","GH89","Glycoside Hydrolase Family 89"
"Q9UJ37-1","protein_xref_cazy","GT29","Glycosyltransferase Family 29"
"Q96EU7-1","protein_xref_cazy","GT31","Glycosyltransferase Family 31"
"Q96F25-1","protein_xref_cazy","GT1","Glycosyltransferase Family 1"
"O60502-1","protein_xref_cazy","GH84","Glycoside Hydrolase Family 84"
"Q5NDL2-1","protein_xref_cazy","GT61","Glycosyltransferase Family 61"
"Q32M88-1","protein_xref_cazy","GH65","Glycoside Hydrolase Family 65"
"Q92819-1","protein_xref_cazy","GT2","Glycosyltransferase Family 2"
"Q00973-1","protein_xref_cazy","GT12","Glycosyltransferase Family 12"
"Q86X52-1","protein_xref_cazy","GT31","Glycosyltransferase Family 31"
"Q86X52-1","protein_xref_cazy","GT7","Glycosyltransferase Family 7"
"Q6NUS8-1","protein_xref_cazy","GT1","Glycosyltransferase Family 1"
"P35573-1","protein_xref_cazy","GH133","Glycoside Hydrolase Family 133"
"P35573-1","protein_xref_cazy","GH13","Glycoside Hydrolase Family 13"
"Q14165-1","protein_xref_cazy","CBM57","Carbohydrate-Binding Module Family 57"
"Q11201-1","protein_xref_cazy","GT29","Glycosyltransferase Family 29"
"Q11203-1","protein_xref_cazy","GT29","Glycosyltransferase Family 29"
"Q11206-1","protein_xref_cazy","GT29","Glycosyltransferase Family 29"
"Q6ZNI0-1","protein_xref_cazy","GT14","Glycosyltransferase Family 14"
"Q8TET4-1","protein_xref_cazy","GH31","Glycoside Hydrolase Family 31"
"O75795-1","protein_xref_cazy","GT1","Glycosyltransferase Family 1"
"Q9H3S5-1","protein_xref_cazy","GT50","Glycosyltransferase Family 50"
"Q9UNA3-1","protein_xref_cazy","GT32","Glycosyltransferase Family 32"
"Q8WVB3-1","protein_xref_cazy","GH20","Glycoside Hydrolase Family 20"
"Q9Y2G5-3","protein_xref_cazy","GT68","Glycosyltransferase Family 68"
"Q495W5-1","protein_xref_cazy","GT10","Glycosyltransferase Family 10"
"Q96JF0-1","protein_xref_cazy","GT29","Glycosyltransferase Family 29"
"P16662-1","protein_xref_cazy","GT1","Glycosyltransferase Family 1"
"Q9Y231-1","protein_xref_cazy","GT10","Glycosyltransferase Family 10"
"Q9NPC4-1","protein_xref_cazy","GT32","Glycosyltransferase Family 32"
"Q9UBV7-1","protein_xref_cazy","GT7","Glycosyltransferase Family 7"
"Q68DE3-1","protein_xref_cazy","GH47","Glycoside Hydrolase Family 47"
"Q92839-1","protein_xref_cazy","GT2","Glycosyltransferase Family 2"
"Q13231-1","protein_xref_cazy","CBM14","Carbohydrate-Binding Module Family 14"
"Q13231-1","protein_xref_cazy","GH18","Glycoside Hydrolase Family 18"
"Q8NBJ5-1","protein_xref_cazy","GT25","Glycosyltransferase Family 25"
"Q9NPZ5-1","protein_xref_cazy","GT43","Glycosyltransferase Family 43"
"P61647-1","protein_xref_cazy","GT29","Glycosyltransferase Family 29"
"Q9UQK1-1","protein_xref_cazy","CBM21","Carbohydrate-Binding Module Family 21"
"Q6L9W6-1","protein_xref_cazy","GT7","Glycosyltransferase Family 7"
"Q5T4B2-1","protein_xref_cazy","GT25","Glycosyltransferase Family 25"
"Q10981-1","protein_xref_cazy","GT11","Glycosyltransferase Family 11"
"Q8NFL0-1","protein_xref_cazy","GT31","Glycosyltransferase Family 31"
"Q8NHY0-1","protein_xref_cazy","GT12","Glycosyltransferase Family 12"
"Q8TDX6-1","protein_xref_cazy","GT7","Glycosyltransferase Family 7"
"O00219-1","protein_xref_cazy","GT2","Glycosyltransferase Family 2"
"O00754-1","protein_xref_cazy","GH38","Glycoside Hydrolase Family 38"
"Q13724-1","protein_xref_cazy","GH63","Glycoside Hydrolase Family 63"
"O60476-1","protein_xref_cazy","GH47","Glycoside Hydrolase Family 47"
"Q86SR1-1","protein_xref_cazy","CBM13","Carbohydrate-Binding Module Family 13"
"Q86SR1-1","protein_xref_cazy","GT27","Glycosyltransferase Family 27"
"Q6P9A2-1","protein_xref_cazy","CBM13","Carbohydrate-Binding Module Family 13"
"Q6P9A2-1","protein_xref_cazy","GT27","Glycosyltransferase Family 27"
"P49641-3","protein_xref_cazy","GH38","Glycoside Hydrolase Family 38"
"Q9NS00-1","protein_xref_cazy","GT31","Glycosyltransferase Family 31"
"P16442-1","protein_xref_cazy","GT6","Glycosyltransferase Family 6"
"P07686-1","protein_xref_cazy","GH20","Glycoside Hydrolase Family 20"
"Q49A17-1","protein_xref_cazy","CBM13","Carbohydrate-Binding Module Family 13"
"Q49A17-1","protein_xref_cazy","GT27","Glycosyltransferase Family 27"
"Q9NR34-1","protein_xref_cazy","GH47","Glycoside Hydrolase Family 47"
"Q6ZMB0-1","protein_xref_cazy","GT31","Glycosyltransferase Family 31"
"P38567-1","protein_xref_cazy","GH56","Glycoside Hydrolase Family 56"
"O95395-1","protein_xref_cazy","GT14","Glycosyltransferase Family 14"
"Q6NSJ0-1","protein_xref_cazy","GH31","Glycoside Hydrolase Family 31"
"Q9NPB8-1","protein_xref_cazy","CBM20","Carbohydrate-Binding Module Family 20"
"O43505-1","protein_xref_cazy","GT49","Glycosyltransferase Family 49"
"O60512-1","protein_xref_cazy","GT7","Glycosyltransferase Family 7"
"O43909-1","protein_xref_cazy","GT47","Glycosyltransferase Family 47"
"O43909-1","protein_xref_cazy","GT64","Glycosyltransferase Family 64"
"Q8N3T1-1","protein_xref_cazy","CBM13","Carbohydrate-Binding Module Family 13"
"Q8N3T1-1","protein_xref_cazy","GT27","Glycosyltransferase Family 27"
"O60762-1","protein_xref_cazy","GT2","Glycosyltransferase Family 2"
"Q8N1E2-1","protein_xref_cazy","GH23","Glycoside Hydrolase Family 23"
"Q6ZSY5-1","protein_xref_cazy","CBM21","Carbohydrate-Binding Module Family 21"
"Q9Y251-1","protein_xref_cazy","GH79","Glycoside Hydrolase Family 79"
"Q8N3Y3-1","protein_xref_cazy","GT8","Glycosyltransferase Family 8"
"Q8N3Y3-1","protein_xref_cazy","GT49","Glycosyltransferase Family 49"
"Q9BVH7-1","protein_xref_cazy","GT29","Glycosyltransferase Family 29"
"Q86Y38-1","protein_xref_cazy","GT14","Glycosyltransferase Family 14"
"Q5BKT4-1","protein_xref_cazy","GT59","Glycosyltransferase Family 59"
"Q01459-1","protein_xref_cazy","GH18","Glycoside Hydrolase Family 18"
"Q10471-1","protein_xref_cazy","CBM13","Carbohydrate-Binding Module Family 13"
"Q10471-1","protein_xref_cazy","GT27","Glycosyltransferase Family 27"
"Q10472-1","protein_xref_cazy","CBM13","Carbohydrate-Binding Module Family 13"
"Q10472-1","protein_xref_cazy","GT27","Glycosyltransferase Family 27"
"Q9NTJ4-1","protein_xref_cazy","GH38","Glycoside Hydrolase Family 38"
"Q12891-1","protein_xref_cazy","GH56","Glycoside Hydrolase Family 56"
"P04062-1","protein_xref_cazy","GH30","Glycoside Hydrolase Family 30"
"Q8N5D6-1","protein_xref_cazy","GT6","Glycosyltransferase Family 6"
"Q8NCI6-1","protein_xref_cazy","GH35","Glycoside Hydrolase Family 35"
"Q9UQ53-1","protein_xref_cazy","GT54","Glycosyltransferase Family 54"
"Q86SF2-1","protein_xref_cazy","CBM13","Carbohydrate-Binding Module Family 13"
"Q86SF2-1","protein_xref_cazy","GT27","Glycosyltransferase Family 27"
"Q9UM21-1","protein_xref_cazy","GT54","Glycosyltransferase Family 54"
"Q9NUD9-1","protein_xref_cazy","GT76","Glycosyltransferase Family 76"
"P22083-1","protein_xref_cazy","GT10","Glycosyltransferase Family 10"
"Q9Y2E5-1","protein_xref_cazy","GH38","Glycoside Hydrolase Family 38"
"Q9H1B5-1","protein_xref_cazy","GT14","Glycosyltransferase Family 14"
"Q6UX72-1","protein_xref_cazy","GT31","Glycosyltransferase Family 31"
"Q9NP73-1","protein_xref_cazy","GT1","Glycosyltransferase Family 1"
"O95685-1","protein_xref_cazy","CBM21","Carbohydrate-Binding Module Family 21"
"Q9HCQ5-1","protein_xref_cazy","CBM13","Carbohydrate-Binding Module Family 13"
"Q9HCQ5-1","protein_xref_cazy","GT27","Glycosyltransferase Family 27"
"P08195-1","protein_xref_cazy","GH13","Glycoside Hydrolase Family 13"
"P06865-1","protein_xref_cazy","GH20","Glycoside Hydrolase Family 20"
"Q68CQ7-1","protein_xref_cazy","GT8","Glycosyltransferase Family 8"
"Q16821-1","protein_xref_cazy","CBM21","Carbohydrate-Binding Module Family 21"
"Q4AE62-1","protein_xref_cazy","GT4","Glycosyltransferase Family 4"
"Q7Z7M8-1","protein_xref_cazy","GT31","Glycosyltransferase Family 31"
"Q7Z7M9-1","protein_xref_cazy","CBM13","Carbohydrate-Binding Module Family 13"
"Q7Z7M9-1","protein_xref_cazy","GT27","Glycosyltransferase Family 27"
"Q9BZP6-1","protein_xref_cazy","CBM14","Carbohydrate-Binding Module Family 14"
"Q9BZP6-1","protein_xref_cazy","GH18","Glycoside Hydrolase Family 18"
"Q8NCR0-1","protein_xref_cazy","GT31","Glycosyltransferase Family 31"
"Q9UKM7-1","protein_xref_cazy","GH47","Glycoside Hydrolase Family 47"
"P36537-1","protein_xref_cazy","GT1","Glycosyltransferase Family 1"
"P10253-1","protein_xref_cazy","GH31","Glycoside Hydrolase Family 31"
"Q12889-1","protein_xref_cazy","GH18","Glycoside Hydrolase Family 18"
"P16278-1","protein_xref_cazy","GH35","Glycoside Hydrolase Family 35"
"Q8NAT1-1","protein_xref_cazy","GT61","Glycosyltransferase Family 61"
"Q9BY64-1","protein_xref_cazy","GT1","Glycosyltransferase Family 1"
"Q5SRI9-1","protein_xref_cazy","GH99","Glycoside Hydrolase Family 99"
"Q2M3T9-1","protein_xref_cazy","GH56","Glycoside Hydrolase Family 56"
"Q86SG7-1","protein_xref_cazy","GH23","Glycoside Hydrolase Family 23"
"O95461-1","protein_xref_cazy","GT8","Glycosyltransferase Family 8"
"O95461-1","protein_xref_cazy","GT49","Glycosyltransferase Family 49"
"Q8WWR8-1","protein_xref_cazy","GH33","Glycoside Hydrolase Family 33"
"Q9H1C3-1","protein_xref_cazy","GT8","Glycosyltransferase Family 8"
"Q04446-1","protein_xref_cazy","CBM48","Carbohydrate-Binding Module Family 48"
"Q04446-1","protein_xref_cazy","GH13","Glycoside Hydrolase Family 13"
"Q67FW5-1","protein_xref_cazy","GT2","Glycosyltransferase Family 2"
"Q8NBI6-1","protein_xref_cazy","GT8","Glycosyltransferase Family 8"
"Q8NDV1-1","protein_xref_cazy","GT29","Glycosyltransferase Family 29"
"O43451-2","protein_xref_cazy","GH31","Glycoside Hydrolase Family 31"
"P06737-1","protein_xref_cazy","GT35","Glycosyltransferase Family 35"
"Q9UBX8-1","protein_xref_cazy","GT7","Glycosyltransferase Family 7"
"Q16739-1","protein_xref_cazy","GT21","Glycosyltransferase Family 21"
"Q9BV94-1","protein_xref_cazy","GH47","Glycoside Hydrolase Family 47"
"Q9NYU1-1","protein_xref_cazy","GT24","Glycosyltransferase Family 24"
"Q9NYU2-1","protein_xref_cazy","GT24","Glycosyltransferase Family 24"
"Q96L58-1","protein_xref_cazy","GT31","Glycosyltransferase Family 31"
"Q8N1P7-1","protein_xref_cazy","CBM13","Carbohydrate-Binding Module Family 13"
"Q9NY97-1","protein_xref_cazy","GT31","Glycosyltransferase Family 31"
"Q86VD9-1","protein_xref_cazy","GT22","Glycosyltransferase Family 22"
"Q8NCW6-1","protein_xref_cazy","CBM13","Carbohydrate-Binding Module Family 13"
"Q8NCW6-1","protein_xref_cazy","GT27","Glycosyltransferase Family 27"
"P17050-1","protein_xref_cazy","GH27","Glycoside Hydrolase Family 27"
"O00462-1","protein_xref_cazy","GH2","Glycoside Hydrolase Family 2"
"O75752-1","protein_xref_cazy","GT31","Glycosyltransferase Family 31"
"Q9H6U8-1","protein_xref_cazy","GT22","Glycosyltransferase Family 22"
"Q8N428-1","protein_xref_cazy","CBM13","Carbohydrate-Binding Module Family 13"
"Q8N428-1","protein_xref_cazy","GT27","Glycosyltransferase Family 27"
"Q9UQ49-1","protein_xref_cazy","GH33","Glycoside Hydrolase Family 33"
"Q8NES3-1","protein_xref_cazy","GT31","Glycosyltransferase Family 31"
"P11217-1","protein_xref_cazy","GT35","Glycosyltransferase Family 35"
"P11216-1","protein_xref_cazy","GT35","Glycosyltransferase Family 35"
"Q8IYK4-1","protein_xref_cazy","GT25","Glycosyltransferase Family 25"
"Q9Y672-1","protein_xref_cazy","GT57","Glycosyltransferase Family 57"
"Q9Y673-1","protein_xref_cazy","GT2","Glycosyltransferase Family 2"
"O60513-1","protein_xref_cazy","GT7","Glycosyltransferase Family 7"
"P22309-1","protein_xref_cazy","GT1","Glycosyltransferase Family 1"
"Q7Z4T8-1","protein_xref_cazy","GT27","Glycosyltransferase Family 27"
"P19224-1","protein_xref_cazy","GT1","Glycosyltransferase Family 1"
"P33908-1","protein_xref_cazy","GH47","Glycoside Hydrolase Family 47"
"Q86XI6-1","protein_xref_cazy","CBM21","Carbohydrate-Binding Module Family 21"
"Q9BYG0-1","protein_xref_cazy","GT31","Glycosyltransferase Family 31"
"O75310-1","protein_xref_cazy","GT1","Glycosyltransferase Family 1"
"P19961-1","protein_xref_cazy","GH13","Glycoside Hydrolase Family 13"
"Q16394-1","protein_xref_cazy","GT47","Glycosyltransferase Family 47"
"Q16394-1","protein_xref_cazy","GT64","Glycosyltransferase Family 64"
"Q9H488-1","protein_xref_cazy","GT65","Glycosyltransferase Family 65"
"Q76KP1-1","protein_xref_cazy","GT7","Glycosyltransferase Family 7"
"B3EWF7-1","protein_xref_cazy","CBM20","Carbohydrate-Binding Module Family 20"
"Q9Y274-1","protein_xref_cazy","GT29","Glycosyltransferase Family 29"
"Q14697-1","protein_xref_cazy","GH31","Glycoside Hydrolase Family 31"
"Q11128-1","protein_xref_cazy","GT10","Glycosyltransferase Family 10"
"Q4G148-1","protein_xref_cazy","GT8","Glycosyltransferase Family 8"
"Q10469-1","protein_xref_cazy","GT16","Glycosyltransferase Family 16"
