"uniprotkb_canonical_ac","matrix_db_id","matrix_db_label","chebi_id","gag_interactor_biological_role","protein_interactor_biological_role","evidence","saccharide","interaction_type","source","source_id","xref_key","xref_id","src_xref_key","src_xref_id"
"P01587-1","GAG_1","matrixdb:Heparin(short label)","CHEBI:28304","psi-mi:MI:0499(unspecified role)","psi-mi:MI:0499(unspecified role)","pubmed:16027123","","Glycosaminoglycan","MatrixDB","matrixdb:GAG_1","glycan_xref_matrixdb","GAG_1","glycan_xref_matrixdb","GAG_1"
"P01587-1","GAG_1","matrixdb:Heparin(short label)","CHEBI:28304","psi-mi:MI:0499(unspecified role)","psi-mi:MI:0499(unspecified role)","pubmed:16027123","","Glycosaminoglycan","MatrixDB","matrixdb:GAG_1","protein_xref_pubmed","16027123","glycan_xref_matrixdb","GAG_1"
"P07214-1","GAG_1","matrixdb:Heparin(short label)","CHEBI:28304","psi-mi:MI:0499(unspecified role)","psi-mi:MI:0499(unspecified role)","pubmed:19542224","","Glycosaminoglycan","PubMed","matrixdb:GAG_1","glycan_xref_matrixdb","GAG_1","glycan_xref_matrixdb","GAG_1"
"P07214-1","GAG_1","matrixdb:Heparin(short label)","CHEBI:28304","psi-mi:MI:0499(unspecified role)","psi-mi:MI:0499(unspecified role)","pubmed:19542224","","Glycosaminoglycan","PubMed","matrixdb:GAG_1","protein_xref_pubmed","19542224","glycan_xref_matrixdb","GAG_1"
"P12850-1","GAG_1","matrixdb:Heparin(short label)","CHEBI:28304","psi-mi:MI:0499(unspecified role)","psi-mi:MI:0499(unspecified role)","pubmed:15183770","","Glycosaminoglycan","MatrixDB","matrixdb:GAG_1","glycan_xref_matrixdb","GAG_1","glycan_xref_matrixdb","GAG_1"
"P12850-1","GAG_1","matrixdb:Heparin(short label)","CHEBI:28304","psi-mi:MI:0499(unspecified role)","psi-mi:MI:0499(unspecified role)","pubmed:15183770","","Glycosaminoglycan","MatrixDB","matrixdb:GAG_1","protein_xref_pubmed","15183770","glycan_xref_matrixdb","GAG_1"
"P16092-1","GAG_1","matrixdb:Heparin(short label)","CHEBI:28304","psi-mi:MI:0499(unspecified role)","psi-mi:MI:0499(unspecified role)","pubmed:12034712","","Glycosaminoglycan","MatrixDB","matrixdb:GAG_1","glycan_xref_matrixdb","GAG_1","glycan_xref_matrixdb","GAG_1"
"P16092-1","GAG_1","matrixdb:Heparin(short label)","CHEBI:28304","psi-mi:MI:0499(unspecified role)","psi-mi:MI:0499(unspecified role)","pubmed:12034712","","Glycosaminoglycan","MatrixDB","matrixdb:GAG_1","protein_xref_pubmed","12034712","glycan_xref_matrixdb","GAG_1"
"P19137-1","GAG_1","matrixdb:Heparin(short label)","CHEBI:28304","psi-mi:MI:0499(unspecified role)","psi-mi:MI:0499(unspecified role)","pubmed:10022829","","Glycosaminoglycan","MatrixDB","matrixdb:GAG_1","glycan_xref_matrixdb","GAG_1","glycan_xref_matrixdb","GAG_1"
"P19137-1","GAG_1","matrixdb:Heparin(short label)","CHEBI:28304","psi-mi:MI:0499(unspecified role)","psi-mi:MI:0499(unspecified role)","pubmed:10022829","","Glycosaminoglycan","MatrixDB","matrixdb:GAG_1","protein_xref_pubmed","10022829","glycan_xref_matrixdb","GAG_1"
"P19137-1","GAG_1","matrixdb:Heparin(short label)","CHEBI:28304","psi-mi:MI:0499(unspecified role)","psi-mi:MI:0499(unspecified role)","pubmed:10893232","","Glycosaminoglycan","MatrixDB","matrixdb:GAG_1","glycan_xref_matrixdb","GAG_1","glycan_xref_matrixdb","GAG_1"
"P19137-1","GAG_1","matrixdb:Heparin(short label)","CHEBI:28304","psi-mi:MI:0499(unspecified role)","psi-mi:MI:0499(unspecified role)","pubmed:10893232","","Glycosaminoglycan","MatrixDB","matrixdb:GAG_1","protein_xref_pubmed","10893232","glycan_xref_matrixdb","GAG_1"
"P19137-1","GAG_1","matrixdb:Heparin(short label)","CHEBI:28304","psi-mi:MI:0499(unspecified role)","psi-mi:MI:0499(unspecified role)","pubmed:11304538","","Glycosaminoglycan","MatrixDB","matrixdb:GAG_1","glycan_xref_matrixdb","GAG_1","glycan_xref_matrixdb","GAG_1"
"P19137-1","GAG_1","matrixdb:Heparin(short label)","CHEBI:28304","psi-mi:MI:0499(unspecified role)","psi-mi:MI:0499(unspecified role)","pubmed:11304538","","Glycosaminoglycan","MatrixDB","matrixdb:GAG_1","protein_xref_pubmed","11304538","glycan_xref_matrixdb","GAG_1"
"P22777-1","GAG_1","matrixdb:Heparin(short label)","CHEBI:28304","psi-mi:MI:0499(unspecified role)","psi-mi:MI:0499(unspecified role)","pubmed:9500522","","Glycosaminoglycan","MatrixDB","matrixdb:GAG_1","glycan_xref_matrixdb","GAG_1","glycan_xref_matrixdb","GAG_1"
"P22777-1","GAG_1","matrixdb:Heparin(short label)","CHEBI:28304","psi-mi:MI:0499(unspecified role)","psi-mi:MI:0499(unspecified role)","pubmed:9500522","","Glycosaminoglycan","MatrixDB","matrixdb:GAG_1","protein_xref_pubmed","9500522","glycan_xref_matrixdb","GAG_1"
"P39876-1","GAG_1","matrixdb:Heparin(short label)","CHEBI:28304","psi-mi:MI:0499(unspecified role)","psi-mi:MI:0499(unspecified role)","pubmed:10900194","","Glycosaminoglycan","MatrixDB","matrixdb:GAG_1","glycan_xref_matrixdb","GAG_1","glycan_xref_matrixdb","GAG_1"
"P39876-1","GAG_1","matrixdb:Heparin(short label)","CHEBI:28304","psi-mi:MI:0499(unspecified role)","psi-mi:MI:0499(unspecified role)","pubmed:10900194","","Glycosaminoglycan","MatrixDB","matrixdb:GAG_1","protein_xref_pubmed","10900194","glycan_xref_matrixdb","GAG_1"
"P97927-1","GAG_1","matrixdb:Heparin(short label)","CHEBI:28304","psi-mi:MI:0499(unspecified role)","psi-mi:MI:0499(unspecified role)","pubmed:10893232","","Glycosaminoglycan","MatrixDB","matrixdb:GAG_1","glycan_xref_matrixdb","GAG_1","glycan_xref_matrixdb","GAG_1"
"P97927-1","GAG_1","matrixdb:Heparin(short label)","CHEBI:28304","psi-mi:MI:0499(unspecified role)","psi-mi:MI:0499(unspecified role)","pubmed:10893232","","Glycosaminoglycan","MatrixDB","matrixdb:GAG_1","protein_xref_pubmed","10893232","glycan_xref_matrixdb","GAG_1"
"Q9Z0E2-1","GAG_1","matrixdb:Heparin(short label)","CHEBI:28304","psi-mi:MI:0499(unspecified role)","psi-mi:MI:0499(unspecified role)","pubmed:15381701","","Glycosaminoglycan","MatrixDB","matrixdb:GAG_1","glycan_xref_matrixdb","GAG_1","glycan_xref_matrixdb","GAG_1"
"Q9Z0E2-1","GAG_1","matrixdb:Heparin(short label)","CHEBI:28304","psi-mi:MI:0499(unspecified role)","psi-mi:MI:0499(unspecified role)","pubmed:15381701","","Glycosaminoglycan","MatrixDB","matrixdb:GAG_1","protein_xref_pubmed","15381701","glycan_xref_matrixdb","GAG_1"
"Q91V88-1","GAG_1","matrixdb:Heparin(short label)","CHEBI:28304","psi-mi:MI:0499(unspecified role)","psi-mi:MI:0499(unspecified role)","pubmed:23357641","","Glycosaminoglycan","PubMed","matrixdb:GAG_1","glycan_xref_matrixdb","GAG_1","glycan_xref_matrixdb","GAG_1"
"Q91V88-1","GAG_1","matrixdb:Heparin(short label)","CHEBI:28304","psi-mi:MI:0499(unspecified role)","psi-mi:MI:0499(unspecified role)","pubmed:23357641","","Glycosaminoglycan","PubMed","matrixdb:GAG_1","protein_xref_pubmed","23357641","glycan_xref_matrixdb","GAG_1"
"Q91V88-1","GAG_1","","CHEBI:28304","psi-mi:MI:0499(unspecified role)","psi-mi:MI:0499(unspecified role)","imex:IM-20972","","Glycosaminoglycan","PubMed","matrixdb:GAG_1","glycan_xref_matrixdb","GAG_1","glycan_xref_matrixdb","GAG_1"
"Q05793-1","GAG_1","matrixdb:Heparin(short label)","CHEBI:28304","psi-mi:MI:0499(unspecified role)","psi-mi:MI:0499(unspecified role)","pubmed:9431988","","Glycosaminoglycan","MatrixDB","matrixdb:GAG_1","glycan_xref_matrixdb","GAG_1","glycan_xref_matrixdb","GAG_1"
"Q05793-1","GAG_1","matrixdb:Heparin(short label)","CHEBI:28304","psi-mi:MI:0499(unspecified role)","psi-mi:MI:0499(unspecified role)","pubmed:9431988","","Glycosaminoglycan","MatrixDB","matrixdb:GAG_1","protein_xref_pubmed","9431988","glycan_xref_matrixdb","GAG_1"
"Q60675-1","GAG_1","matrixdb:Heparin(short label)","CHEBI:28304","psi-mi:MI:0499(unspecified role)","psi-mi:MI:0499(unspecified role)","pubmed:10022829","","Glycosaminoglycan","MatrixDB","matrixdb:GAG_1","glycan_xref_matrixdb","GAG_1","glycan_xref_matrixdb","GAG_1"
"Q60675-1","GAG_1","matrixdb:Heparin(short label)","CHEBI:28304","psi-mi:MI:0499(unspecified role)","psi-mi:MI:0499(unspecified role)","pubmed:10022829","","Glycosaminoglycan","MatrixDB","matrixdb:GAG_1","protein_xref_pubmed","10022829","glycan_xref_matrixdb","GAG_1"
"Q60675-1","GAG_1","matrixdb:Heparin(short label)","CHEBI:28304","psi-mi:MI:0499(unspecified role)","psi-mi:MI:0499(unspecified role)","pubmed:11304538","","Glycosaminoglycan","MatrixDB","matrixdb:GAG_1","glycan_xref_matrixdb","GAG_1","glycan_xref_matrixdb","GAG_1"
"Q60675-1","GAG_1","matrixdb:Heparin(short label)","CHEBI:28304","psi-mi:MI:0499(unspecified role)","psi-mi:MI:0499(unspecified role)","pubmed:11304538","","Glycosaminoglycan","MatrixDB","matrixdb:GAG_1","protein_xref_pubmed","11304538","glycan_xref_matrixdb","GAG_1"
"Q61001-1","GAG_1","matrixdb:Heparin(short label)","CHEBI:28304","psi-mi:MI:0499(unspecified role)","psi-mi:MI:0499(unspecified role)","pubmed:11304538","","Glycosaminoglycan","MatrixDB","matrixdb:GAG_1","glycan_xref_matrixdb","GAG_1","glycan_xref_matrixdb","GAG_1"
"Q61001-1","GAG_1","matrixdb:Heparin(short label)","CHEBI:28304","psi-mi:MI:0499(unspecified role)","psi-mi:MI:0499(unspecified role)","pubmed:11304538","","Glycosaminoglycan","MatrixDB","matrixdb:GAG_1","protein_xref_pubmed","11304538","glycan_xref_matrixdb","GAG_1"
"P16092-1","GAG_2","matrixdb:Heparan sulfate(short label)","CHEBI:28815","psi-mi:MI:0499(unspecified role)","psi-mi:MI:0499(unspecified role)","pubmed:12034712","","Glycosaminoglycan","MatrixDB","matrixdb:GAG_2","glycan_xref_matrixdb","GAG_2","glycan_xref_matrixdb","GAG_2"
"P16092-1","GAG_2","matrixdb:Heparan sulfate(short label)","CHEBI:28815","psi-mi:MI:0499(unspecified role)","psi-mi:MI:0499(unspecified role)","pubmed:12034712","","Glycosaminoglycan","MatrixDB","matrixdb:GAG_2","protein_xref_pubmed","12034712","glycan_xref_matrixdb","GAG_2"
"Q91V88-1","GAG_2","matrixdb:Heparan sulfate(short label)","CHEBI:28815","psi-mi:MI:0499(unspecified role)","psi-mi:MI:0499(unspecified role)","pubmed:23357641","","Glycosaminoglycan","PubMed","matrixdb:GAG_2","glycan_xref_matrixdb","GAG_2","glycan_xref_matrixdb","GAG_2"
"Q91V88-1","GAG_2","matrixdb:Heparan sulfate(short label)","CHEBI:28815","psi-mi:MI:0499(unspecified role)","psi-mi:MI:0499(unspecified role)","pubmed:23357641","","Glycosaminoglycan","PubMed","matrixdb:GAG_2","protein_xref_pubmed","23357641","glycan_xref_matrixdb","GAG_2"
"Q91V88-1","GAG_2","","CHEBI:28815","psi-mi:MI:0499(unspecified role)","psi-mi:MI:0499(unspecified role)","imex:IM-20972","","Glycosaminoglycan","PubMed","matrixdb:GAG_2","glycan_xref_matrixdb","GAG_2","glycan_xref_matrixdb","GAG_2"
"P07214-1","GAG_3","matrixdb:Dermatan Sulfate(short label)","CHEBI:18376","psi-mi:MI:0499(unspecified role)","psi-mi:MI:0499(unspecified role)","pubmed:19542224","","Glycosaminoglycan","PubMed","matrixdb:GAG_3","glycan_xref_matrixdb","GAG_3","glycan_xref_matrixdb","GAG_3"
"P07214-1","GAG_3","matrixdb:Dermatan Sulfate(short label)","CHEBI:18376","psi-mi:MI:0499(unspecified role)","psi-mi:MI:0499(unspecified role)","pubmed:19542224","","Glycosaminoglycan","PubMed","matrixdb:GAG_3","protein_xref_pubmed","19542224","glycan_xref_matrixdb","GAG_3"
"P36363-1","GAG_6","matrixdb:Chondroitin Sulfate D(short label)","CHEBI:37397","psi-mi:MI:0499(unspecified role)","psi-mi:MI:0499(unspecified role)","pubmed:24447999","G46732TY","Glycosaminoglycan","MatrixDB","matrixdb:GAG_6","glycan_xref_matrixdb","GAG_6","glycan_xref_matrixdb","GAG_6"
"P36363-1","GAG_6","matrixdb:Chondroitin Sulfate D(short label)","CHEBI:37397","psi-mi:MI:0499(unspecified role)","psi-mi:MI:0499(unspecified role)","pubmed:24447999","G46732TY","Glycosaminoglycan","MatrixDB","matrixdb:GAG_6","protein_xref_pubmed","24447999","glycan_xref_matrixdb","GAG_6"
"P36363-1","GAG_6","","CHEBI:37397","psi-mi:MI:0499(unspecified role)","psi-mi:MI:0499(unspecified role)","imex:IM-22964","","Glycosaminoglycan","MatrixDB","matrixdb:GAG_6","glycan_xref_matrixdb","GAG_6","glycan_xref_matrixdb","GAG_6"
"P37237-1","GAG_6","matrixdb:Chondroitin Sulfate D(short label)","CHEBI:37397","psi-mi:MI:0499(unspecified role)","psi-mi:MI:0499(unspecified role)","pubmed:24447999","G46732TY","Glycosaminoglycan","PubMed","matrixdb:GAG_6","glycan_xref_matrixdb","GAG_6","glycan_xref_matrixdb","GAG_6"
"P37237-1","GAG_6","matrixdb:Chondroitin Sulfate D(short label)","CHEBI:37397","psi-mi:MI:0499(unspecified role)","psi-mi:MI:0499(unspecified role)","pubmed:24447999","G46732TY","Glycosaminoglycan","PubMed","matrixdb:GAG_6","protein_xref_pubmed","24447999","glycan_xref_matrixdb","GAG_6"
"P37237-1","GAG_6","","CHEBI:37397","psi-mi:MI:0499(unspecified role)","psi-mi:MI:0499(unspecified role)","imex:IM-22964","","Glycosaminoglycan","PubMed","matrixdb:GAG_6","glycan_xref_matrixdb","GAG_6","glycan_xref_matrixdb","GAG_6"
"P61148-1","GAG_6","matrixdb:Chondroitin Sulfate D(short label)","CHEBI:37397","psi-mi:MI:0499(unspecified role)","psi-mi:MI:0499(unspecified role)","pubmed:24447999","G46732TY","Glycosaminoglycan","MatrixDB","matrixdb:GAG_6","glycan_xref_matrixdb","GAG_6","glycan_xref_matrixdb","GAG_6"
"P61148-1","GAG_6","matrixdb:Chondroitin Sulfate D(short label)","CHEBI:37397","psi-mi:MI:0499(unspecified role)","psi-mi:MI:0499(unspecified role)","pubmed:24447999","G46732TY","Glycosaminoglycan","MatrixDB","matrixdb:GAG_6","protein_xref_pubmed","24447999","glycan_xref_matrixdb","GAG_6"
"P61148-1","GAG_6","","CHEBI:37397","psi-mi:MI:0499(unspecified role)","psi-mi:MI:0499(unspecified role)","imex:IM-22964","","Glycosaminoglycan","MatrixDB","matrixdb:GAG_6","glycan_xref_matrixdb","GAG_6","glycan_xref_matrixdb","GAG_6"
"Q91V88-1","GAG_7","matrixdb:Chondroitin Sulfate E(short label)","CHEBI:52562","psi-mi:MI:0499(unspecified role)","psi-mi:MI:0499(unspecified role)","pubmed:23357641","G03536SO","Glycosaminoglycan","MatrixDB","matrixdb:GAG_7","glycan_xref_matrixdb","GAG_7","glycan_xref_matrixdb","GAG_7"
"Q91V88-1","GAG_7","matrixdb:Chondroitin Sulfate E(short label)","CHEBI:52562","psi-mi:MI:0499(unspecified role)","psi-mi:MI:0499(unspecified role)","pubmed:23357641","G03536SO","Glycosaminoglycan","MatrixDB","matrixdb:GAG_7","protein_xref_pubmed","23357641","glycan_xref_matrixdb","GAG_7"
"Q91V88-1","GAG_7","","CHEBI:52562","psi-mi:MI:0499(unspecified role)","psi-mi:MI:0499(unspecified role)","imex:IM-20972","","Glycosaminoglycan","MatrixDB","matrixdb:GAG_7","glycan_xref_matrixdb","GAG_7","glycan_xref_matrixdb","GAG_7"
