"uniprotkb_canonical_ac","title","journal_name","publication_date","authors","xref_key","xref_id","src_xref_key","src_xref_id","glytoucan_ac"
"Q09163-1","Glycosylation analysis and protein structure determination of murine fetal antigen 1 (mFA1)--the circulating gene product of the delta-like protein (dlk), preadipocyte factor 1 (Pref-1) and stromal-cell-derived protein 1 (SCP-1) cDNAs.","European journal of biochemistry","1997 Mar 1","Krogh TN, Bachmann E, Teisner B, Skjodt K, Hojrup P","protein_xref_pubmed","9118998","protein_xref_unicarbkb_ds","GLY_000041","G01614ZM"
"P04925-1","Site-specific characterization of the N-linked glycans of murine prion protein by high-performance liquid chromatography/electrospray mass spectrometry and exoglycosidase digestions.","Biochemistry","1999 Apr 13","Stimson E, Hope J, Chong A, Burlingame AL","protein_xref_pubmed","10200178","protein_xref_unicarbkb_ds","GLY_000041",""
"P04925-1","Site-specific characterization of the N-linked glycans of murine prion protein by high-performance liquid chromatography/electrospray mass spectrometry and exoglycosidase digestions.","Biochemistry","1999 Apr 13","Stimson E, Hope J, Chong A, Burlingame AL","protein_xref_pubmed","10200178","protein_xref_unicarbkb_ds","GLY_000041","G92129PT"
"O09164-1","N-Glycosylation profiling of recombinant mouse extracellular superoxide dismutase produced in Chinese hamster ovary cells.","Glycoconjugate journal","2011 May","Korekane H, Korekane A, Yamaguchi Y, Kato M, Miyamoto Y, Matsumoto A, Hasegawa T, Suzuki K, Taniguchi N, Ookawara T","protein_xref_pubmed","21573946","protein_xref_unicarbkb_ds","GLY_000041","G25067TK"
"P04925-1","Site-specific characterization of the N-linked glycans of murine prion protein by high-performance liquid chromatography/electrospray mass spectrometry and exoglycosidase digestions.","Biochemistry","1999 Apr 13","Stimson E, Hope J, Chong A, Burlingame AL","protein_xref_pubmed","10200178","protein_xref_unicarbkb_ds","GLY_000041","G32671AN"
"Q09163-1","Glycosylation analysis and protein structure determination of murine fetal antigen 1 (mFA1)--the circulating gene product of the delta-like protein (dlk), preadipocyte factor 1 (Pref-1) and stromal-cell-derived protein 1 (SCP-1) cDNAs.","European journal of biochemistry","1997 Mar 1","Krogh TN, Bachmann E, Teisner B, Skjodt K, Hojrup P","protein_xref_pubmed","9118998","protein_xref_unicarbkb_ds","GLY_000041","G03584KV"
"P04925-1","Site-specific characterization of the N-linked glycans of murine prion protein by high-performance liquid chromatography/electrospray mass spectrometry and exoglycosidase digestions.","Biochemistry","1999 Apr 13","Stimson E, Hope J, Chong A, Burlingame AL","protein_xref_pubmed","10200178","protein_xref_unicarbkb_ds","GLY_000041","G24132CP"
"P04925-1","Site-specific characterization of the N-linked glycans of murine prion protein by high-performance liquid chromatography/electrospray mass spectrometry and exoglycosidase digestions.","Biochemistry","1999 Apr 13","Stimson E, Hope J, Chong A, Burlingame AL","protein_xref_pubmed","10200178","protein_xref_unicarbkb_ds","GLY_000041","G62837IG"
"Q09163-1","Glycosylation analysis and protein structure determination of murine fetal antigen 1 (mFA1)--the circulating gene product of the delta-like protein (dlk), preadipocyte factor 1 (Pref-1) and stromal-cell-derived protein 1 (SCP-1) cDNAs.","European journal of biochemistry","1997 Mar 1","Krogh TN, Bachmann E, Teisner B, Skjodt K, Hojrup P","protein_xref_pubmed","9118998","protein_xref_unicarbkb_ds","GLY_000041","G65562ZE"
"O09164-1","N-Glycosylation profiling of recombinant mouse extracellular superoxide dismutase produced in Chinese hamster ovary cells.","Glycoconjugate journal","2011 May","Korekane H, Korekane A, Yamaguchi Y, Kato M, Miyamoto Y, Matsumoto A, Hasegawa T, Suzuki K, Taniguchi N, Ookawara T","protein_xref_pubmed","21573946","protein_xref_unicarbkb_ds","GLY_000041","G33269XL"
"P04925-1","Site-specific characterization of the N-linked glycans of murine prion protein by high-performance liquid chromatography/electrospray mass spectrometry and exoglycosidase digestions.","Biochemistry","1999 Apr 13","Stimson E, Hope J, Chong A, Burlingame AL","protein_xref_pubmed","10200178","protein_xref_unicarbkb_ds","GLY_000041","G94163JU"
"Q09163-1","Glycosylation analysis and protein structure determination of murine fetal antigen 1 (mFA1)--the circulating gene product of the delta-like protein (dlk), preadipocyte factor 1 (Pref-1) and stromal-cell-derived protein 1 (SCP-1) cDNAs.","European journal of biochemistry","1997 Mar 1","Krogh TN, Bachmann E, Teisner B, Skjodt K, Hojrup P","protein_xref_pubmed","9118998","protein_xref_unicarbkb_ds","GLY_000041","G10995NB"
"P04925-1","Site-specific characterization of the N-linked glycans of murine prion protein by high-performance liquid chromatography/electrospray mass spectrometry and exoglycosidase digestions.","Biochemistry","1999 Apr 13","Stimson E, Hope J, Chong A, Burlingame AL","protein_xref_pubmed","10200178","protein_xref_unicarbkb_ds","GLY_000041","G25180HQ"
"P04925-1","Site-specific characterization of the N-linked glycans of murine prion protein by high-performance liquid chromatography/electrospray mass spectrometry and exoglycosidase digestions.","Biochemistry","1999 Apr 13","Stimson E, Hope J, Chong A, Burlingame AL","protein_xref_pubmed","10200178","protein_xref_unicarbkb_ds","GLY_000041","G65550TC"
"P04925-1","Site-specific characterization of the N-linked glycans of murine prion protein by high-performance liquid chromatography/electrospray mass spectrometry and exoglycosidase digestions.","Biochemistry","1999 Apr 13","Stimson E, Hope J, Chong A, Burlingame AL","protein_xref_pubmed","10200178","protein_xref_unicarbkb_ds","GLY_000041","G29721UX"
"O09164-1","N-Glycosylation profiling of recombinant mouse extracellular superoxide dismutase produced in Chinese hamster ovary cells.","Glycoconjugate journal","2011 May","Korekane H, Korekane A, Yamaguchi Y, Kato M, Miyamoto Y, Matsumoto A, Hasegawa T, Suzuki K, Taniguchi N, Ookawara T","protein_xref_pubmed","21573946","protein_xref_unicarbkb_ds","GLY_000041",""
"O09164-1","N-Glycosylation profiling of recombinant mouse extracellular superoxide dismutase produced in Chinese hamster ovary cells.","Glycoconjugate journal","2011 May","Korekane H, Korekane A, Yamaguchi Y, Kato M, Miyamoto Y, Matsumoto A, Hasegawa T, Suzuki K, Taniguchi N, Ookawara T","protein_xref_pubmed","21573946","protein_xref_unicarbkb_ds","GLY_000041","G48489PM"
"P11438-1","High throughput quantitative glycomics and glycoform-focused proteomics of murine dermis and epidermis.","Molecular &amp; cellular proteomics : MCP","2005 Dec","Uematsu R, Furukawa J, Nakagawa H, Shinohara Y, Deguchi K, Monde K, Nishimura S","protein_xref_pubmed","16170054","protein_xref_unicarbkb_ds","GLY_000041",""
"P04925-1","Site-specific characterization of the N-linked glycans of murine prion protein by high-performance liquid chromatography/electrospray mass spectrometry and exoglycosidase digestions.","Biochemistry","1999 Apr 13","Stimson E, Hope J, Chong A, Burlingame AL","protein_xref_pubmed","10200178","protein_xref_unicarbkb_ds","GLY_000041","G57818FI"
"Q09163-1","Glycosylation analysis and protein structure determination of murine fetal antigen 1 (mFA1)--the circulating gene product of the delta-like protein (dlk), preadipocyte factor 1 (Pref-1) and stromal-cell-derived protein 1 (SCP-1) cDNAs.","European journal of biochemistry","1997 Mar 1","Krogh TN, Bachmann E, Teisner B, Skjodt K, Hojrup P","protein_xref_pubmed","9118998","protein_xref_unicarbkb_ds","GLY_000041","G37626XQ"
"P04925-1","Site-specific characterization of the N-linked glycans of murine prion protein by high-performance liquid chromatography/electrospray mass spectrometry and exoglycosidase digestions.","Biochemistry","1999 Apr 13","Stimson E, Hope J, Chong A, Burlingame AL","protein_xref_pubmed","10200178","protein_xref_unicarbkb_ds","GLY_000041","G45045RU"
"P04925-1","Site-specific characterization of the N-linked glycans of murine prion protein by high-performance liquid chromatography/electrospray mass spectrometry and exoglycosidase digestions.","Biochemistry","1999 Apr 13","Stimson E, Hope J, Chong A, Burlingame AL","protein_xref_pubmed","10200178","protein_xref_unicarbkb_ds","GLY_000041","G90443NH"
"P06797-1","High throughput quantitative glycomics and glycoform-focused proteomics of murine dermis and epidermis.","Molecular &amp; cellular proteomics : MCP","2005 Dec","Uematsu R, Furukawa J, Nakagawa H, Shinohara Y, Deguchi K, Monde K, Nishimura S","protein_xref_pubmed","16170054","protein_xref_unicarbkb_ds","GLY_000041",""
"P04925-1","Site-specific characterization of the N-linked glycans of murine prion protein by high-performance liquid chromatography/electrospray mass spectrometry and exoglycosidase digestions.","Biochemistry","1999 Apr 13","Stimson E, Hope J, Chong A, Burlingame AL","protein_xref_pubmed","10200178","protein_xref_unicarbkb_ds","GLY_000041","G25495RY"
"Q05769-1","Characterization of the glycosylation sites in cyclooxygenase-2 using mass spectrometry.","Biochemistry","2001 Mar 13","Nemeth JF, Hochgesang GP Jr, Marnett LJ, Caprioli RM","protein_xref_pubmed","11258925","protein_xref_unicarbkb_ds","GLY_000041","G62768NK"
"Q9CPW5-1","High throughput quantitative glycomics and glycoform-focused proteomics of murine dermis and epidermis.","Molecular &amp; cellular proteomics : MCP","2005 Dec","Uematsu R, Furukawa J, Nakagawa H, Shinohara Y, Deguchi K, Monde K, Nishimura S","protein_xref_pubmed","16170054","protein_xref_unicarbkb_ds","GLY_000041",""
"P04925-1","Site-specific characterization of the N-linked glycans of murine prion protein by high-performance liquid chromatography/electrospray mass spectrometry and exoglycosidase digestions.","Biochemistry","1999 Apr 13","Stimson E, Hope J, Chong A, Burlingame AL","protein_xref_pubmed","10200178","protein_xref_unicarbkb_ds","GLY_000041","G07682PQ"
"O09164-1","N-Glycosylation profiling of recombinant mouse extracellular superoxide dismutase produced in Chinese hamster ovary cells.","Glycoconjugate journal","2011 May","Korekane H, Korekane A, Yamaguchi Y, Kato M, Miyamoto Y, Matsumoto A, Hasegawa T, Suzuki K, Taniguchi N, Ookawara T","protein_xref_pubmed","21573946","protein_xref_unicarbkb_ds","GLY_000041","G28362DW"
"P04925-1","Site-specific characterization of the N-linked glycans of murine prion protein by high-performance liquid chromatography/electrospray mass spectrometry and exoglycosidase digestions.","Biochemistry","1999 Apr 13","Stimson E, Hope J, Chong A, Burlingame AL","protein_xref_pubmed","10200178","protein_xref_unicarbkb_ds","GLY_000041","G74320MK"
"P04925-1","Site-specific characterization of the N-linked glycans of murine prion protein by high-performance liquid chromatography/electrospray mass spectrometry and exoglycosidase digestions.","Biochemistry","1999 Apr 13","Stimson E, Hope J, Chong A, Burlingame AL","protein_xref_pubmed","10200178","protein_xref_unicarbkb_ds","GLY_000041","G91623TN"
"O09164-1","N-Glycosylation profiling of recombinant mouse extracellular superoxide dismutase produced in Chinese hamster ovary cells.","Glycoconjugate journal","2011 May","Korekane H, Korekane A, Yamaguchi Y, Kato M, Miyamoto Y, Matsumoto A, Hasegawa T, Suzuki K, Taniguchi N, Ookawara T","protein_xref_pubmed","21573946","protein_xref_unicarbkb_ds","GLY_000041","G24498DI"
"P04925-1","Site-specific characterization of the N-linked glycans of murine prion protein by high-performance liquid chromatography/electrospray mass spectrometry and exoglycosidase digestions.","Biochemistry","1999 Apr 13","Stimson E, Hope J, Chong A, Burlingame AL","protein_xref_pubmed","10200178","protein_xref_unicarbkb_ds","GLY_000041","G76519VT"
"O09164-1","N-Glycosylation profiling of recombinant mouse extracellular superoxide dismutase produced in Chinese hamster ovary cells.","Glycoconjugate journal","2011 May","Korekane H, Korekane A, Yamaguchi Y, Kato M, Miyamoto Y, Matsumoto A, Hasegawa T, Suzuki K, Taniguchi N, Ookawara T","protein_xref_pubmed","21573946","protein_xref_unicarbkb_ds","GLY_000041","G62408IZ"
"P04925-1","Site-specific characterization of the N-linked glycans of murine prion protein by high-performance liquid chromatography/electrospray mass spectrometry and exoglycosidase digestions.","Biochemistry","1999 Apr 13","Stimson E, Hope J, Chong A, Burlingame AL","protein_xref_pubmed","10200178","protein_xref_unicarbkb_ds","GLY_000041","G05395FV"
"P04925-1","Site-specific characterization of the N-linked glycans of murine prion protein by high-performance liquid chromatography/electrospray mass spectrometry and exoglycosidase digestions.","Biochemistry","1999 Apr 13","Stimson E, Hope J, Chong A, Burlingame AL","protein_xref_pubmed","10200178","protein_xref_unicarbkb_ds","GLY_000041","G43953LS"
"O89023-1","High throughput quantitative glycomics and glycoform-focused proteomics of murine dermis and epidermis.","Molecular &amp; cellular proteomics : MCP","2005 Dec","Uematsu R, Furukawa J, Nakagawa H, Shinohara Y, Deguchi K, Monde K, Nishimura S","protein_xref_pubmed","16170054","protein_xref_unicarbkb_ds","GLY_000041",""
"O09164-1","N-Glycosylation profiling of recombinant mouse extracellular superoxide dismutase produced in Chinese hamster ovary cells.","Glycoconjugate journal","2011 May","Korekane H, Korekane A, Yamaguchi Y, Kato M, Miyamoto Y, Matsumoto A, Hasegawa T, Suzuki K, Taniguchi N, Ookawara T","protein_xref_pubmed","21573946","protein_xref_unicarbkb_ds","GLY_000041","G58848QS"
"P16675-1","High throughput quantitative glycomics and glycoform-focused proteomics of murine dermis and epidermis.","Molecular &amp; cellular proteomics : MCP","2005 Dec","Uematsu R, Furukawa J, Nakagawa H, Shinohara Y, Deguchi K, Monde K, Nishimura S","protein_xref_pubmed","16170054","protein_xref_unicarbkb_ds","GLY_000041",""
"P04925-1","Site-specific characterization of the N-linked glycans of murine prion protein by high-performance liquid chromatography/electrospray mass spectrometry and exoglycosidase digestions.","Biochemistry","1999 Apr 13","Stimson E, Hope J, Chong A, Burlingame AL","protein_xref_pubmed","10200178","protein_xref_unicarbkb_ds","GLY_000041","G65365UP"
"O08537-1","Alternative O-glycosylation/O-phosphorylation of the murine estrogen receptor beta.","Biochemistry","2000 Sep 26","Cheng X, Cole RN, Zaia J, Hart GW","protein_xref_pubmed","10995228","protein_xref_unicarbkb_ds","GLY_000041","G49108TO"
"O09164-1","N-Glycosylation profiling of recombinant mouse extracellular superoxide dismutase produced in Chinese hamster ovary cells.","Glycoconjugate journal","2011 May","Korekane H, Korekane A, Yamaguchi Y, Kato M, Miyamoto Y, Matsumoto A, Hasegawa T, Suzuki K, Taniguchi N, Ookawara T","protein_xref_pubmed","21573946","protein_xref_unicarbkb_ds","GLY_000041","G12398HZ"
"Q9Z1Q4-1","High throughput quantitative glycomics and glycoform-focused proteomics of murine dermis and epidermis.","Molecular &amp; cellular proteomics : MCP","2005 Dec","Uematsu R, Furukawa J, Nakagawa H, Shinohara Y, Deguchi K, Monde K, Nishimura S","protein_xref_pubmed","16170054","protein_xref_unicarbkb_ds","GLY_000041",""
"P04925-1","Site-specific characterization of the N-linked glycans of murine prion protein by high-performance liquid chromatography/electrospray mass spectrometry and exoglycosidase digestions.","Biochemistry","1999 Apr 13","Stimson E, Hope J, Chong A, Burlingame AL","protein_xref_pubmed","10200178","protein_xref_unicarbkb_ds","GLY_000041","G65219TP"
"P04925-1","Site-specific characterization of the N-linked glycans of murine prion protein by high-performance liquid chromatography/electrospray mass spectrometry and exoglycosidase digestions.","Biochemistry","1999 Apr 13","Stimson E, Hope J, Chong A, Burlingame AL","protein_xref_pubmed","10200178","protein_xref_unicarbkb_ds","GLY_000041","G26371XR"
"Q61508-1","High throughput quantitative glycomics and glycoform-focused proteomics of murine dermis and epidermis.","Molecular &amp; cellular proteomics : MCP","2005 Dec","Uematsu R, Furukawa J, Nakagawa H, Shinohara Y, Deguchi K, Monde K, Nishimura S","protein_xref_pubmed","16170054","protein_xref_unicarbkb_ds","GLY_000041",""
"P04925-1","Site-specific characterization of the N-linked glycans of murine prion protein by high-performance liquid chromatography/electrospray mass spectrometry and exoglycosidase digestions.","Biochemistry","1999 Apr 13","Stimson E, Hope J, Chong A, Burlingame AL","protein_xref_pubmed","10200178","protein_xref_unicarbkb_ds","GLY_000041","G19099PA"
"Q9Z0L8-1","High throughput quantitative glycomics and glycoform-focused proteomics of murine dermis and epidermis.","Molecular &amp; cellular proteomics : MCP","2005 Dec","Uematsu R, Furukawa J, Nakagawa H, Shinohara Y, Deguchi K, Monde K, Nishimura S","protein_xref_pubmed","16170054","protein_xref_unicarbkb_ds","GLY_000041",""
"O09164-1","N-Glycosylation profiling of recombinant mouse extracellular superoxide dismutase produced in Chinese hamster ovary cells.","Glycoconjugate journal","2011 May","Korekane H, Korekane A, Yamaguchi Y, Kato M, Miyamoto Y, Matsumoto A, Hasegawa T, Suzuki K, Taniguchi N, Ookawara T","protein_xref_pubmed","21573946","protein_xref_unicarbkb_ds","GLY_000041","G58444TO"
"O09164-1","N-Glycosylation profiling of recombinant mouse extracellular superoxide dismutase produced in Chinese hamster ovary cells.","Glycoconjugate journal","2011 May","Korekane H, Korekane A, Yamaguchi Y, Kato M, Miyamoto Y, Matsumoto A, Hasegawa T, Suzuki K, Taniguchi N, Ookawara T","protein_xref_pubmed","21573946","protein_xref_unicarbkb_ds","GLY_000041","G75977KH"
"P19785-1","A subpopulation of estrogen receptors are modified by O-linked N-acetylglucosamine.","The Journal of biological chemistry","1997 Jan 24","Jiang MS, Hart GW","protein_xref_pubmed","8999954","protein_xref_unicarbkb_ds","GLY_000041","G49108TO"
"P18242-1","High throughput quantitative glycomics and glycoform-focused proteomics of murine dermis and epidermis.","Molecular &amp; cellular proteomics : MCP","2005 Dec","Uematsu R, Furukawa J, Nakagawa H, Shinohara Y, Deguchi K, Monde K, Nishimura S","protein_xref_pubmed","16170054","protein_xref_unicarbkb_ds","GLY_000041",""
"P04925-1","Site-specific characterization of the N-linked glycans of murine prion protein by high-performance liquid chromatography/electrospray mass spectrometry and exoglycosidase digestions.","Biochemistry","1999 Apr 13","Stimson E, Hope J, Chong A, Burlingame AL","protein_xref_pubmed","10200178","protein_xref_unicarbkb_ds","GLY_000041","G26014MK"
"P04925-1","Site-specific characterization of the N-linked glycans of murine prion protein by high-performance liquid chromatography/electrospray mass spectrometry and exoglycosidase digestions.","Biochemistry","1999 Apr 13","Stimson E, Hope J, Chong A, Burlingame AL","protein_xref_pubmed","10200178","protein_xref_unicarbkb_ds","GLY_000041","G52003QG"
"O09164-1","N-Glycosylation profiling of recombinant mouse extracellular superoxide dismutase produced in Chinese hamster ovary cells.","Glycoconjugate journal","2011 May","Korekane H, Korekane A, Yamaguchi Y, Kato M, Miyamoto Y, Matsumoto A, Hasegawa T, Suzuki K, Taniguchi N, Ookawara T","protein_xref_pubmed","21573946","protein_xref_unicarbkb_ds","GLY_000041","G46768QH"
"P04925-1","Site-specific characterization of the N-linked glycans of murine prion protein by high-performance liquid chromatography/electrospray mass spectrometry and exoglycosidase digestions.","Biochemistry","1999 Apr 13","Stimson E, Hope J, Chong A, Burlingame AL","protein_xref_pubmed","10200178","protein_xref_unicarbkb_ds","GLY_000041","G82138AT"
"O09164-1","N-Glycosylation profiling of recombinant mouse extracellular superoxide dismutase produced in Chinese hamster ovary cells.","Glycoconjugate journal","2011 May","Korekane H, Korekane A, Yamaguchi Y, Kato M, Miyamoto Y, Matsumoto A, Hasegawa T, Suzuki K, Taniguchi N, Ookawara T","protein_xref_pubmed","21573946","protein_xref_unicarbkb_ds","GLY_000041","G81459MV"
"P55849-1","High throughput quantitative glycomics and glycoform-focused proteomics of murine dermis and epidermis.","Molecular &amp; cellular proteomics : MCP","2005 Dec","Uematsu R, Furukawa J, Nakagawa H, Shinohara Y, Deguchi K, Monde K, Nishimura S","protein_xref_pubmed","16170054","protein_xref_unicarbkb_ds","GLY_000041",""
"O09164-1","N-Glycosylation profiling of recombinant mouse extracellular superoxide dismutase produced in Chinese hamster ovary cells.","Glycoconjugate journal","2011 May","Korekane H, Korekane A, Yamaguchi Y, Kato M, Miyamoto Y, Matsumoto A, Hasegawa T, Suzuki K, Taniguchi N, Ookawara T","protein_xref_pubmed","21573946","protein_xref_unicarbkb_ds","GLY_000041","G47253OG"
"P04925-1","Site-specific characterization of the N-linked glycans of murine prion protein by high-performance liquid chromatography/electrospray mass spectrometry and exoglycosidase digestions.","Biochemistry","1999 Apr 13","Stimson E, Hope J, Chong A, Burlingame AL","protein_xref_pubmed","10200178","protein_xref_unicarbkb_ds","GLY_000041","G29895JE"
"O09164-1","N-Glycosylation profiling of recombinant mouse extracellular superoxide dismutase produced in Chinese hamster ovary cells.","Glycoconjugate journal","2011 May","Korekane H, Korekane A, Yamaguchi Y, Kato M, Miyamoto Y, Matsumoto A, Hasegawa T, Suzuki K, Taniguchi N, Ookawara T","protein_xref_pubmed","21573946","protein_xref_unicarbkb_ds","GLY_000041","G81581UV"
"P04925-1","Site-specific characterization of the N-linked glycans of murine prion protein by high-performance liquid chromatography/electrospray mass spectrometry and exoglycosidase digestions.","Biochemistry","1999 Apr 13","Stimson E, Hope J, Chong A, Burlingame AL","protein_xref_pubmed","10200178","protein_xref_unicarbkb_ds","GLY_000041","G99035PG"
"P04925-1","Site-specific characterization of the N-linked glycans of murine prion protein by high-performance liquid chromatography/electrospray mass spectrometry and exoglycosidase digestions.","Biochemistry","1999 Apr 13","Stimson E, Hope J, Chong A, Burlingame AL","protein_xref_pubmed","10200178","protein_xref_unicarbkb_ds","GLY_000041","G40012WS"
"P04925-1","Site-specific characterization of the N-linked glycans of murine prion protein by high-performance liquid chromatography/electrospray mass spectrometry and exoglycosidase digestions.","Biochemistry","1999 Apr 13","Stimson E, Hope J, Chong A, Burlingame AL","protein_xref_pubmed","10200178","protein_xref_unicarbkb_ds","GLY_000041","G26896YH"
"P04925-1","Site-specific characterization of the N-linked glycans of murine prion protein by high-performance liquid chromatography/electrospray mass spectrometry and exoglycosidase digestions.","Biochemistry","1999 Apr 13","Stimson E, Hope J, Chong A, Burlingame AL","protein_xref_pubmed","10200178","protein_xref_unicarbkb_ds","GLY_000041","G35687VS"
"P04925-1","Site-specific characterization of the N-linked glycans of murine prion protein by high-performance liquid chromatography/electrospray mass spectrometry and exoglycosidase digestions.","Biochemistry","1999 Apr 13","Stimson E, Hope J, Chong A, Burlingame AL","protein_xref_pubmed","10200178","protein_xref_unicarbkb_ds","GLY_000041","G15791TK"
"P04925-1","Site-specific characterization of the N-linked glycans of murine prion protein by high-performance liquid chromatography/electrospray mass spectrometry and exoglycosidase digestions.","Biochemistry","1999 Apr 13","Stimson E, Hope J, Chong A, Burlingame AL","protein_xref_pubmed","10200178","protein_xref_unicarbkb_ds","GLY_000041","G33785ND"
"P04925-1","Site-specific characterization of the N-linked glycans of murine prion protein by high-performance liquid chromatography/electrospray mass spectrometry and exoglycosidase digestions.","Biochemistry","1999 Apr 13","Stimson E, Hope J, Chong A, Burlingame AL","protein_xref_pubmed","10200178","protein_xref_unicarbkb_ds","GLY_000041","G43549OX"
"P04925-1","Site-specific characterization of the N-linked glycans of murine prion protein by high-performance liquid chromatography/electrospray mass spectrometry and exoglycosidase digestions.","Biochemistry","1999 Apr 13","Stimson E, Hope J, Chong A, Burlingame AL","protein_xref_pubmed","10200178","protein_xref_unicarbkb_ds","GLY_000041","G94373HA"
"P04925-1","Site-specific characterization of the N-linked glycans of murine prion protein by high-performance liquid chromatography/electrospray mass spectrometry and exoglycosidase digestions.","Biochemistry","1999 Apr 13","Stimson E, Hope J, Chong A, Burlingame AL","protein_xref_pubmed","10200178","protein_xref_unicarbkb_ds","GLY_000041","G63046OH"
"P17439-1","High throughput quantitative glycomics and glycoform-focused proteomics of murine dermis and epidermis.","Molecular &amp; cellular proteomics : MCP","2005 Dec","Uematsu R, Furukawa J, Nakagawa H, Shinohara Y, Deguchi K, Monde K, Nishimura S","protein_xref_pubmed","16170054","protein_xref_unicarbkb_ds","GLY_000041",""
"P04925-1","Site-specific characterization of the N-linked glycans of murine prion protein by high-performance liquid chromatography/electrospray mass spectrometry and exoglycosidase digestions.","Biochemistry","1999 Apr 13","Stimson E, Hope J, Chong A, Burlingame AL","protein_xref_pubmed","10200178","protein_xref_unicarbkb_ds","GLY_000041","G71071YT"
"P04925-1","Site-specific characterization of the N-linked glycans of murine prion protein by high-performance liquid chromatography/electrospray mass spectrometry and exoglycosidase digestions.","Biochemistry","1999 Apr 13","Stimson E, Hope J, Chong A, Burlingame AL","protein_xref_pubmed","10200178","protein_xref_unicarbkb_ds","GLY_000041","G22137OG"
"P55850-1","High throughput quantitative glycomics and glycoform-focused proteomics of murine dermis and epidermis.","Molecular &amp; cellular proteomics : MCP","2005 Dec","Uematsu R, Furukawa J, Nakagawa H, Shinohara Y, Deguchi K, Monde K, Nishimura S","protein_xref_pubmed","16170054","protein_xref_unicarbkb_ds","GLY_000041",""
"O09164-1","N-Glycosylation profiling of recombinant mouse extracellular superoxide dismutase produced in Chinese hamster ovary cells.","Glycoconjugate journal","2011 May","Korekane H, Korekane A, Yamaguchi Y, Kato M, Miyamoto Y, Matsumoto A, Hasegawa T, Suzuki K, Taniguchi N, Ookawara T","protein_xref_pubmed","21573946","protein_xref_unicarbkb_ds","GLY_000041","G99610EG"
"P04925-1","Site-specific characterization of the N-linked glycans of murine prion protein by high-performance liquid chromatography/electrospray mass spectrometry and exoglycosidase digestions.","Biochemistry","1999 Apr 13","Stimson E, Hope J, Chong A, Burlingame AL","protein_xref_pubmed","10200178","protein_xref_unicarbkb_ds","GLY_000041","G39945EK"
"Q8C1C1-1","High throughput quantitative glycomics and glycoform-focused proteomics of murine dermis and epidermis.","Molecular &amp; cellular proteomics : MCP","2005 Dec","Uematsu R, Furukawa J, Nakagawa H, Shinohara Y, Deguchi K, Monde K, Nishimura S","protein_xref_pubmed","16170054","protein_xref_unicarbkb_ds","GLY_000041",""
"Q8VCI0-1","High throughput quantitative glycomics and glycoform-focused proteomics of murine dermis and epidermis.","Molecular &amp; cellular proteomics : MCP","2005 Dec","Uematsu R, Furukawa J, Nakagawa H, Shinohara Y, Deguchi K, Monde K, Nishimura S","protein_xref_pubmed","16170054","protein_xref_unicarbkb_ds","GLY_000041",""
"P35918-1","Site-Specific N-Glycosylation of Endothelial Cell Receptor Tyrosine Kinase VEGFR-2.","Journal of proteome research","2017 Feb 3","Chandler KB, Leon DR, Meyer RD, Rahimi N, Costello CE","protein_xref_pubmed","27966990","protein_xref_unicarbkb_ds","GLY_000041","G80920RR"
"P35918-1","Site-Specific N-Glycosylation of Endothelial Cell Receptor Tyrosine Kinase VEGFR-2.","Journal of proteome research","2017 Feb 3","Chandler KB, Leon DR, Meyer RD, Rahimi N, Costello CE","protein_xref_pubmed","27966990","protein_xref_unicarbkb_ds","GLY_000041","G62595EF"
"P35918-1","Site-Specific N-Glycosylation of Endothelial Cell Receptor Tyrosine Kinase VEGFR-2.","Journal of proteome research","2017 Feb 3","Chandler KB, Leon DR, Meyer RD, Rahimi N, Costello CE","protein_xref_pubmed","27966990","protein_xref_unicarbkb_ds","GLY_000041","G31852PQ"
"P35918-1","Site-Specific N-Glycosylation of Endothelial Cell Receptor Tyrosine Kinase VEGFR-2.","Journal of proteome research","2017 Feb 3","Chandler KB, Leon DR, Meyer RD, Rahimi N, Costello CE","protein_xref_pubmed","27966990","protein_xref_unicarbkb_ds","GLY_000041","G62765YT"
"P35918-1","Site-Specific N-Glycosylation of Endothelial Cell Receptor Tyrosine Kinase VEGFR-2.","Journal of proteome research","2017 Feb 3","Chandler KB, Leon DR, Meyer RD, Rahimi N, Costello CE","protein_xref_pubmed","27966990","protein_xref_unicarbkb_ds","GLY_000041","G09197ZW"
"P35918-1","Site-Specific N-Glycosylation of Endothelial Cell Receptor Tyrosine Kinase VEGFR-2.","Journal of proteome research","2017 Feb 3","Chandler KB, Leon DR, Meyer RD, Rahimi N, Costello CE","protein_xref_pubmed","27966990","protein_xref_unicarbkb_ds","GLY_000041","G27126ED"
"P35918-1","Site-Specific N-Glycosylation of Endothelial Cell Receptor Tyrosine Kinase VEGFR-2.","Journal of proteome research","2017 Feb 3","Chandler KB, Leon DR, Meyer RD, Rahimi N, Costello CE","protein_xref_pubmed","27966990","protein_xref_unicarbkb_ds","GLY_000041","G02815KT"
"P35918-1","Site-Specific N-Glycosylation of Endothelial Cell Receptor Tyrosine Kinase VEGFR-2.","Journal of proteome research","2017 Feb 3","Chandler KB, Leon DR, Meyer RD, Rahimi N, Costello CE","protein_xref_pubmed","27966990","protein_xref_unicarbkb_ds","GLY_000041","G15038BD"
"P35918-1","Site-Specific N-Glycosylation of Endothelial Cell Receptor Tyrosine Kinase VEGFR-2.","Journal of proteome research","2017 Feb 3","Chandler KB, Leon DR, Meyer RD, Rahimi N, Costello CE","protein_xref_pubmed","27966990","protein_xref_unicarbkb_ds","GLY_000041","G41247ZX"
"P35918-1","Site-Specific N-Glycosylation of Endothelial Cell Receptor Tyrosine Kinase VEGFR-2.","Journal of proteome research","2017 Feb 3","Chandler KB, Leon DR, Meyer RD, Rahimi N, Costello CE","protein_xref_pubmed","27966990","protein_xref_unicarbkb_ds","GLY_000041","G25987BV"
